d0,d1,d2,d3,d4,d5,d6,d7,d8,d9,d10,d11,d12,d13,d14,d15,d16,d17,d18,d19,n0,n1,n2,n3,n4,n5,n6,n7,n8,n9,n10,n11,n12,n13,n14,n15,n16,n17,n18,n19
3.986985653272739211e-02,1.105876401853305852e-01,7.332759746985512139e-02,8.651365548883399592e-02,1.059292515295739701e-01,4.174355404743664011e-02,3.312379109675914896e-02,1.122027216374153202e-01,8.365254658360453399e-02,6.343652026835640279e-02,9.958606184032485487e-02,6.933082995824871309e-02,7.718636779016171956e-02,7.747491245061326193e-02,8.248109306446073374e-02,4.290936984797586590e-02,5.772341713517492590e-02,1.026708154201797923e-01,1.069757341789361604e-01,5.404396509352878131e-02,2.233053250439277271e+00,1.736560888090659116e+00,2.271250559210504782e+00,1.981168796351438610e+00,1.678910537910579759e+00,1.975002189190272706e+00,1.736527918133719872e+00,2.393966448257363933e+00,2.369415789144576401e+00,1.977279370804144065e+00,1.633156158891618803e+00,1.703605627885370177e+00,2.230013314147718084e+00,2.162188137248322040e+00,1.892777211421179828e+00,2.282746893598170956e+00,1.728512485678849853e+00,2.182035233702055432e+00,2.387932088260598107e+00,1.809379601664222292e+00
1.099318386030909978e-01,6.311265216434500114e-02,3.081186364605260908e-02,9.436956747536572043e-02,9.113512840106739732e-02,3.889557594231514426e-02,1.056888008164687809e-01,9.392721307257524688e-02,2.099142605961698549e-02,6.490633712037474634e-02,9.454748899231302239e-02,2.583115547764208014e-02,4.864182116046431026e-02,9.496582148562364434e-02,1.003344489524210376e-01,1.041445524516503573e-01,9.432326512022262688e-02,7.936945567931216750e-02,9.946142587375354782e-02,1.044704605297846756e-01,1.856815240481287654e+00,2.352135190503660045e+00,2.390706139400189834e+00,2.011472070588022909e+00,1.767631027805594668e+00,2.126473623090864962e+00,1.648947471672488563e+00,1.742329724352914333e+00,1.783554731882780908e+00,2.201154268664871960e+00,1.947431356544228720e+00,2.309409738466324136e+00,1.988375685305212359e+00,2.314059147529723859e+00,2.377076096390821291e+00,2.046637674003020990e+00,2.267954692619366330e+00,1.749136274136875446e+00,2.207082943377886686e+00,1.941827897849822904e+00
1.022431411275316615e-01,9.638805085632229375e-02,6.108715817288394578e-02,3.563783927466239454e-02,2.548110247947625237e-02,6.740770574496773859e-02,7.577841770394069809e-02,4.482588652228685494e-02,3.584027360262842521e-02,2.294003204508814758e-02,3.773795317763322527e-02,9.418463058662149279e-02,9.794977173552640859e-02,6.516348970278978969e-02,7.299830334538040533e-02,5.719426010965875107e-02,5.774812022643220633e-02,9.464134783460012579e-02,8.409199242184131617e-02,3.683020498398655029e-02,2.384181883245783951e+00,2.119501831939356151e+00,2.017733343969159598e+00,1.652506890223619518e+00,2.389565414536576782e+00,2.093748479732608470e+00,2.122983055528337992e+00,1.804307262041821014e+00,1.847154333567025741e+00,2.063049576523276585e+00,2.112825176991285581e+00,2.217684796706094641e+00,2.216522430102088048e+00,1.956536665319718260e+00,2.028555110214151469e+00,1.686102250518097145e+00,2.043086920595588829e+00,2.022905577933439059e+00,1.978171541823254831e+00,1.840932179636728838e+00
7.615859141962319501e-02,8.125029604775960146e-02,6.688287239301357601e-02,5.443741352288748725e-02,4.254377312554078611e-02,3.588720277044893381e-02,6.627216377062207509e-02,7.827521006091206490e-02,8.033781868055983599e-02,8.226447154680163742e-02,7.504934311416412707e-02,3.863435025101807918e-02,1.097953548860259448e-01,2.398409331405926617e-02,2.942649551369741837e-02,1.124315684030880585e-01,7.871503840017006481e-02,2.171748156840009117e-02,8.944601227108227304e-02,1.022533579218492528e-01,2.192041403323997439e+00,2.286881555615511985e+00,1.792614418706019119e+00,1.613505510602798454e+00,1.778370766326313968e+00,2.285863829617169607e+00,1.922805431095144124e+00,1.774269060081707039e+00,1.830530267676456324e+00,2.102131471454506517e+00,1.790128971612721553e+00,1.605963544706463075e+00,2.249793512959459285e+00,2.286674186546641785e+00,2.018558170423274234e+00,1.712191439514634705e+00,2.227091985018120113e+00,2.234410066224222557e+00,2.071646817520770067e+00,1.911670566088618628e+00
9.788711706768028764e-02,4.359554475223701570e-02,5.000229901603107929e-02,2.923319126205733975e-02,4.912461756288047376e-02,8.822064618629452126e-02,9.369196213554370489e-02,5.552865577849240564e-02,1.140610402576059806e-01,2.646285459865975118e-02,9.824669329167361187e-02,9.591011319647436972e-02,9.980393239624577029e-02,7.774282840051001398e-02,8.329713839036451128e-02,9.824492078319407851e-02,1.104651760021581747e-01,8.668601242442260102e-02,3.196775344162031823e-02,6.804569596461763903e-02,2.099702651762051619e+00,1.958639958132645464e+00,1.850054553618292186e+00,1.804986967132382158e+00,2.222707407011339065e+00,1.795606313681107125e+00,1.777008681637627596e+00,2.301235521765028214e+00,2.103766627387624766e+00,1.603605977012916739e+00,1.869269415097595255e+00,2.129905431559818929e+00,2.021795134324291254e+00,1.860296186138544972e+00,2.143420984292818243e+00,2.390587622863196149e+00,1.702497710486082116e+00,2.000500662018345643e+00,2.051755847642334540e+00,1.934886320926465286e+00
9.657439081468037478e-02,3.533013659969537479e-02,2.518555063974692657e-02,4.426658918232825868e-02,5.544179155032981365e-02,7.683310508995980226e-02,2.167676168698627268e-02,5.772405895538101905e-02,6.677444554345633720e-02,9.151468768781631513e-02,1.044583514685468451e-01,9.334691964338649728e-02,5.291454374210019518e-02,5.010895145237451165e-02,8.055179008549050168e-02,1.127862199474597288e-01,1.126844126428196979e-01,8.160005107663655111e-02,1.188922464084157526e-01,1.058325935924256112e-01,1.903082279763560480e+00,2.198702659642052470e+00,1.614824466082650289e+00,2.361104510942648282e+00,1.854007962003081156e+00,1.841573462169241227e+00,2.264460067962884793e+00,1.894404667335999548e+00,1.745806195308650111e+00,2.359568458387009571e+00,1.661431385729554622e+00,2.140712112211813789e+00,2.137818758554772991e+00,1.604940455862042592e+00,1.961868225391979470e+00,1.794881875128272464e+00,2.089783143308166835e+00,1.611450314682628004e+00,2.011820950085118742e+00,2.164367810507243473e+00
1.194604356412346802e-01,6.286803513662689302e-02,3.416637270842107221e-02,5.653620737815523434e-02,3.855368770772870518e-02,7.174356288221545030e-02,2.031834257938266997e-02,9.986547882572076318e-02,1.075769887806413416e-01,6.666071370849999123e-02,2.595325022997137243e-02,7.682791873630832880e-02,1.184323479810425184e-01,5.658143656805618427e-02,9.788075556984320025e-02,9.616277730689998249e-02,9.641478617646291605e-02,2.285794418561893152e-02,4.275239091693439075e-02,6.737031202508814154e-02,2.337476133638473730e+00,2.030710441553342793e+00,1.771476509856717563e+00,1.628347323835954485e+00,1.891497813026842056e+00,1.881313357642747874e+00,1.774452880798556009e+00,1.833403174414474757e+00,1.612751389053762807e+00,1.835527863428468409e+00,1.601822180896990799e+00,1.600217947517248440e+00,2.119667261413669124e+00,2.249222728247496583e+00,1.871974080385738981e+00,1.871082482049947426e+00,2.398462315636502140e+00,1.636648608812889982e+00,1.846268282764766733e+00,2.097284645183036922e+00
6.521549598751084920e-02,8.225543599912235604e-02,6.198239149816231475e-02,3.346947851866281104e-02,9.734079798866741851e-02,7.817945869795242531e-02,7.472899042814634685e-02,1.151346527189985591e-01,3.879933161612558745e-02,5.446216438851707309e-02,7.490161995227864744e-02,1.031688093723002464e-01,7.859889874079487027e-02,5.336865819852336379e-02,1.116432442865936958e-01,8.306010417388844103e-02,8.823319615200285460e-02,3.721931657119115222e-02,1.178343641699484273e-01,1.085821341083954145e-01,1.695657123242930941e+00,2.171803482738214885e+00,1.912393727892663042e+00,1.877460089189877834e+00,2.364375861087010477e+00,2.345513330374090710e+00,2.007575792310583473e+00,1.890995143178535676e+00,2.262366185945614117e+00,1.629562487610121124e+00,2.184074607539365331e+00,2.123749337641233748e+00,2.079758804906392644e+00,2.040865124882206505e+00,1.979611839448915722e+00,2.068672205521103979e+00,1.640769435835441437e+00,1.997913226442258772e+00,1.654976912097001929e+00,1.751397108605490249e+00
5.539538482614868309e-02,7.933036494685975770e-02,4.054132673350195615e-02,6.122372452022765976e-02,6.290811138909328804e-02,9.499403676883687309e-02,9.204139347232172252e-02,7.352248247740655884e-02,2.476714370416025976e-02,4.469652450484400824e-02,6.184752484058497757e-02,9.126616362992343023e-02,2.135389339292519811e-02,2.047088551358925909e-02,2.121186192644485685e-02,1.151930139038542106e-01,2.017732299780994679e-02,6.559313729737724363e-02,2.698888814246190246e-02,2.953850385384942240e-02,2.382685735165448015e+00,1.859681729990825705e+00,2.139463130710661076e+00,1.990199229460842822e+00,1.967647516446018541e+00,2.146839261043947733e+00,2.186401968193706136e+00,2.293351690342817495e+00,2.308706427301781883e+00,1.826923716899057970e+00,1.939993230491720455e+00,2.261860463050194170e+00,2.155463813179297805e+00,1.954760830248934100e+00,2.335802652367783061e+00,1.688825510828564802e+00,2.008096560934489627e+00,1.671080319741199194e+00,2.090980804737553544e+00,1.882091545827242918e+00
4.538994305038790422e-02,9.917361590477183353e-02,5.962738921841698181e-02,8.150939044629423869e-02,3.335783969140633520e-02,8.568469504431468209e-02,7.429448247581756093e-02,4.377993086397206218e-02,7.606721233303943841e-02,2.295765190186233387e-02,4.274212776610897269e-02,1.177062688954866598e-01,5.788999562149686751e-02,9.438651482800379522e-02,9.603077387751256244e-02,7.564936146133592609e-02,3.315336577839342325e-02,2.369015742828657622e-02,6.550131748206511340e-02,5.884678995550836345e-02,1.809480427935350244e+00,1.865230626335821817e+00,1.924368777626827676e+00,1.642238411947300580e+00,1.981428890963609302e+00,2.240356589409325583e+00,1.818089043898006851e+00,2.324416318061859332e+00,2.070670092963674325e+00,2.363892315499248831e+00,1.825335503344606369e+00,2.145170631705511699e+00,2.367242900122548122e+00,2.040564065500831692e+00,2.160702633474605339e+00,1.852324567249658660e+00,1.677165068410614301e+00,2.189300688252799887e+00,1.744742441690280810e+00,1.884832840451128533e+00
4.418452485810794861e-02,7.099501739410311874e-02,1.136622404712888529e-01,3.213284871407082188e-02,7.985435428452065942e-02,2.175616357838614998e-02,5.376417162656962900e-02,6.625050679918514929e-02,1.193532228512610427e-01,8.246195324627400569e-02,7.898900961435520451e-02,4.082274063139824938e-02,5.102205123907664619e-02,1.190367384512463766e-01,2.268077543128122278e-02,8.362696442993150514e-02,9.161000866576721191e-02,7.988707301022598961e-02,3.442983423217194083e-02,1.184736949776067083e-01,2.136666754120340350e+00,1.728425316164309056e+00,1.893100905791098354e+00,2.154318766524183193e+00,2.387256249164312116e+00,1.638778805209402112e+00,2.351908921205450476e+00,2.372963262152230968e+00,1.940858809092938619e+00,2.388261219165077165e+00,2.001906490387381332e+00,1.682170309386114004e+00,1.859639486615462411e+00,1.894324697518945166e+00,2.063519996298950332e+00,1.749071400100480789e+00,2.153108571316756592e+00,2.355060109769497423e+00,1.914410398751350773e+00,2.062703639865522742e+00
9.079019155585495160e-02,2.661375652834270522e-02,7.737453073343243670e-02,7.346667877746911046e-02,1.154934558749231288e-01,2.495552635664644373e-02,2.047485182405939588e-02,9.302498978046472300e-02,8.708341787240057863e-02,5.821705799447103591e-02,5.335038006546737044e-02,4.680857533159618611e-02,4.444730863377771568e-02,2.147017608617715623e-02,1.009043498574215825e-01,9.689539769714515527e-02,9.185047856644937281e-02,6.641325585151328093e-02,4.440969887464726873e-02,8.267026561048250455e-02,1.967032413502353805e+00,2.174137241384692665e+00,2.254202904956438491e+00,2.039184452491838773e+00,1.873821021398993425e+00,1.695511760622785857e+00,2.182988216896474043e+00,1.906715002752286559e+00,1.897429947132068806e+00,2.205102541692204099e+00,1.772525377241960465e+00,2.084161529431829862e+00,1.791838865576018458e+00,2.117918559793997790e+00,1.819947301369966963e+00,1.838612985169632230e+00,2.030400071808559304e+00,1.626575226447573241e+00,2.082044786219789501e+00,2.374491824624788805e+00
5.098266073033481949e-02,9.025284119969988195e-02,3.581823339006008633e-02,5.172680894576119071e-02,1.137640410143849201e-01,6.888726671511144484e-02,6.429656348579577962e-02,5.667099492341086397e-02,1.161880134612405246e-01,7.379088942235588477e-02,1.098052251553010006e-01,6.711056977753557251e-02,1.073413659155622313e-01,7.916404520887068696e-02,1.146438749632168463e-01,1.074251707561330177e-01,7.085335511777526851e-02,9.504364902552724093e-02,1.005454865511991175e-01,7.291115162617881063e-02,1.624820587354544044e+00,2.029900936664950084e+00,2.366986015643319341e+00,2.325143278025704863e+00,1.865422065234532578e+00,2.306235217738511700e+00,1.797005030276658921e+00,1.905183678989674112e+00,1.804216526829347300e+00,1.619177431312487814e+00,1.925422138919390846e+00,2.276682291827812676e+00,1.699421205513089062e+00,1.781680775103893000e+00,2.070867118594701406e+00,1.849243869161105280e+00,1.665127953294388341e+00,2.169810808365920440e+00,2.228579247101964089e+00,1.632171063623995888e+00
6.207788755531426506e-02,4.542954353029744763e-02,5.877502454245739361e-02,9.873528979672778483e-02,6.184930460727812440e-02,2.446174314886235060e-02,2.124158118119617161e-02,1.071881937113220856e-01,6.788644544186861474e-02,1.116166259589242843e-01,1.099361613811456473e-01,6.209358150434433898e-02,1.048223040176800985e-01,2.644614292037270054e-02,6.361343884923627290e-02,8.900385460935693327e-02,7.826148791924192327e-02,9.049895322697244782e-02,4.263300571454018556e-02,7.800831372979276368e-02,2.013620727849211089e+00,1.662336677246124772e+00,1.952442327116344689e+00,1.992356689352065224e+00,1.737537058577184546e+00,1.996505847127455491e+00,1.762350704049447936e+00,2.173444346880252009e+00,2.283194294215961762e+00,1.772278241983728186e+00,2.378867038981313797e+00,2.082557004862084948e+00,2.332902948201368787e+00,1.980022677898862993e+00,2.105733141949367671e+00,1.686575474505265682e+00,1.650717793616868434e+00,2.021524411679892275e+00,1.638197861257394861e+00,2.208836017170595856e+00
2.271896922156655882e-02,1.107709701120058871e-01,5.263083148613971474e-02,6.053458038488103432e-02,8.957607488251742578e-02,4.267421255714014955e-02,8.722556907540218729e-02,4.407066486140949479e-02,1.087560444882280514e-01,1.186185504875633262e-01,1.164238036763571571e-01,5.075209715545485334e-02,8.135260660550788780e-02,6.221362430735986881e-02,9.313245315389236112e-02,5.948480232969394210e-02,1.065483882790296266e-01,2.663761732855507783e-02,8.053498223774623044e-02,4.440622858227749603e-02,2.035536821898003890e+00,2.258114667135667109e+00,2.324259358041711909e+00,2.042618914373847350e+00,1.982504014268958947e+00,2.010913288946560407e+00,1.808755592423537006e+00,2.367609726675002690e+00,1.670282319248846070e+00,2.160135058576416078e+00,1.954190577238332338e+00,1.600235460865362835e+00,2.147895554452043498e+00,2.366676304428947830e+00,2.189652940368248757e+00,2.203981545373676187e+00,1.971939959770113049e+00,2.375612239345594290e+00,1.797075335682397190e+00,2.021363155221673313e+00
1.191803509761367591e-01,7.319922285684639374e-02,7.906899058555996729e-02,2.328457475679741873e-02,4.110448401288896436e-02,5.188746256923272571e-02,3.145015208233523096e-02,6.051341676316415730e-02,1.093388504438848191e-01,4.475242223810374509e-02,4.040870684635105431e-02,1.063129745383865343e-01,2.119051174772087001e-02,5.286160552321168826e-02,7.596558714262865997e-02,6.072803792806472090e-02,7.637977325478785551e-02,6.902886581806491617e-02,5.766313578055247413e-02,1.157795064760974157e-01,2.333901648306637711e+00,2.204617532286019976e+00,2.256764428148999801e+00,2.285009687328951600e+00,1.645244953793935760e+00,2.320317702959525885e+00,1.727062702030351060e+00,2.360379888121743264e+00,2.398403451422243648e+00,1.962506175795589058e+00,1.794857737854832047e+00,1.972197459160206279e+00,1.641420493849480744e+00,2.062208390786549383e+00,2.355015628684339113e+00,1.969483161055445519e+00,2.006497560935432745e+00,2.340997826317493313e+00,2.046336291710839195e+00,1.782886971129944653e+00
3.933426061022206321e-02,1.042399915955702638e-01,1.077293798512200806e-01,4.801885946300105124e-02,3.915376469160679329e-02,6.229315436221230518e-02,9.132797393949934617e-02,9.708989557914246560e-02,1.093058228691435041e-01,6.114082309761327549e-02,3.763679502393472986e-02,7.774125910766269132e-02,1.059035599821796236e-01,9.171084959600137032e-02,3.213015892867008422e-02,4.187099663344347189e-02,4.125211976776554934e-02,1.175030813050703532e-01,1.139534193095471382e-01,5.118926831070035044e-02,2.289043107866052029e+00,2.130369602279893915e+00,1.662979196369862800e+00,2.328762904235704312e+00,1.907064881512217092e+00,2.237133866334493959e+00,2.169963227474818623e+00,2.048222719342888798e+00,2.323215433203390301e+00,2.195155372186047504e+00,1.601998249650062212e+00,2.164009844008471628e+00,2.334711363714363053e+00,1.736923430865203954e+00,1.699830108126430206e+00,1.619066605468546971e+00,2.066702034734510196e+00,2.001977364437243168e+00,1.758611904014396154e+00,1.756795376638412343e+00
1.001319118363619004e-01,8.350138123028064130e-02,2.935207038396960011e-02,1.123760272703755170e-01,1.078749289469928818e-01,6.741908635362495184e-02,7.012051083302739407e-02,9.931774770958266829e-02,8.140032832242946603e-02,5.033423864768772626e-02,2.628013882015712080e-02,8.803858250215383652e-02,7.250518679569747937e-02,2.279650108955172741e-02,4.580399254964093170e-02,8.638288021807102868e-02,3.495619073739628796e-02,1.135132712503460345e-01,4.798418332219461790e-02,4.243851391861491046e-02,1.804098560368324167e+00,1.695226342095361938e+00,1.765453014453052694e+00,2.393145718421380685e+00,1.613428773683043937e+00,2.088247903417652207e+00,1.680580088895079705e+00,2.050768790087573290e+00,2.170953269659892548e+00,2.182107344113587200e+00,1.730205330183020251e+00,2.009874578928764421e+00,2.046103227696525639e+00,1.755291034553063234e+00,2.145572569976208044e+00,2.338397763334811863e+00,2.396320238392540602e+00,1.669659130287898918e+00,1.855461737234143982e+00,1.922958630496155008e+00
7.061898414917740230e-02,9.162375384581566973e-02,2.416044166574447469e-02,2.062717425147186229e-02,3.212028533983213308e-02,6.574662646063826610e-02,5.793653289149562624e-02,1.148969964020916806e-01,1.113603699123985324e-01,1.126608919166590117e-01,1.149349096308721341e-01,8.510109515810702907e-02,8.103732965762854012e-02,9.794577122414135917e-02,2.678609199643381886e-02,1.098307033388544601e-01,5.744248749469275939e-02,5.225667731153908757e-02,9.431748247834269294e-02,1.188335843977197381e-01,2.150266797443681543e+00,1.901341341612013736e+00,2.272849959224808813e+00,1.604128831093116769e+00,1.635957286871513094e+00,1.843354376383002258e+00,2.040682812072099228e+00,1.909946504153723801e+00,2.251674886455160784e+00,2.123470440943784787e+00,1.968315839844247517e+00,2.302577727749580472e+00,2.389320767427687286e+00,1.944127559467267785e+00,1.803051840250421867e+00,2.329740776197508190e+00,1.725161747468775264e+00,1.681473374959029377e+00,2.157680152301094001e+00,1.801501125779229495e+00
9.915283364372855235e-02,4.176602699814054021e-02,9.204044072567497958e-02,6.828525342411223553e-02,1.108684916686222127e-01,3.663188111239971956e-02,7.876146532165287373e-02,1.178028354365514840e-01,6.212133293411034596e-02,1.066156591688092181e-01,3.657260166637391063e-02,7.500220633711483786e-02,7.357711179945816693e-02,1.156519902035597208e-01,3.372180912917593920e-02,6.020138534383137618e-02,1.010466249348137280e-01,5.098515840993798898e-02,3.451937519755702427e-02,5.802039942668270334e-02,1.762848822618555911e+00,2.117784720262209763e+00,1.851602228146262519e+00,2.338879586256527254e+00,2.346609103646931427e+00,1.884308679643853068e+00,2.203146068119831824e+00,2.263829859166415659e+00,2.364152372446296280e+00,1.691496482378303856e+00,2.392093030794522512e+00,2.144193133407182650e+00,1.970503208096303194e+00,1.723279620284001945e+00,1.655689996809980524e+00,2.141699180976448069e+00,2.260337172303222175e+00,2.211149230260623266e+00,2.104210219015913541e+00,1.854710652871709220e+00
6.686848383272900320e-02,6.392900952167743234e-02,1.069678820728875157e-01,5.614879202453230966e-02,6.979055922384491684e-02,9.787812507568331710e-02,2.187010225427505131e-02,8.689937357965887843e-02,1.144743706311743270e-01,3.493725913119861970e-02,8.642969417329547654e-02,8.711040429611981162e-02,8.733440516881127436e-02,5.144699917490154484e-02,5.670938891390873982e-02,1.189113684884538225e-01,5.528992325395541696e-02,2.868266575359356557e-02,6.556348170197913439e-02,7.802264735010935870e-02,2.140626390016532987e+00,1.887088874620851175e+00,1.603248996545020066e+00,1.815520909423733675e+00,1.734384879557010484e+00,2.247527514914602342e+00,1.740580628311214628e+00,2.101524447378352978e+00,1.905038529009042136e+00,2.144274130380055432e+00,1.891714304467989605e+00,2.264726134178413730e+00,2.068213417203048632e+00,1.904779350526240034e+00,2.075211411373206527e+00,1.628225026590280011e+00,1.764644986252439596e+00,2.033768752917228806e+00,1.993494921637703143e+00,2.163857189448929574e+00
1.084576637083811412e-01,6.846910829510113872e-02,9.733887251461915968e-02,4.676845263609851616e-02,2.444570266367178044e-02,8.527976211719578981e-02,8.971994152815868095e-02,9.406208544815114481e-02,4.017663558569239957e-02,6.709642112129740599e-02,1.000769749498205130e-01,2.524362843741454962e-02,5.271886191497469898e-02,2.900403599134786931e-02,8.951622116258445283e-02,1.114718811837661083e-01,9.962617738163213887e-02,3.670404157424449892e-02,1.129494020684120165e-01,2.962712832763353746e-02,2.348357199221505542e+00,1.825604406781084821e+00,2.159668968974258085e+00,1.817861616166926764e+00,2.249880814523402606e+00,2.232709817992287515e+00,1.630993146797592219e+00,2.356381336697031870e+00,2.034521206238755209e+00,1.759160503479327842e+00,1.854874417423407529e+00,1.948982524280495232e+00,1.712899727873431033e+00,1.793606206630258715e+00,1.603636418771198002e+00,1.875924896145602538e+00,1.743090777264228119e+00,1.807219432904749734e+00,1.895448496831960483e+00,1.605718161972288449e+00
9.179202287918561409e-02,3.771818328467445303e-02,8.373049189073067389e-02,1.018287352255357464e-01,4.963805195051682051e-02,9.955451400173381815e-02,4.686440903998034813e-02,5.985752723984111290e-02,2.174395920366450213e-02,2.376950116243571609e-02,7.728687415943777395e-02,3.630280577655610463e-02,5.175524415871922412e-02,3.293909205513865374e-02,4.107736097581390911e-02,2.491305679173526008e-02,9.926688929345371670e-02,2.636587220420864505e-02,3.043673086770940645e-02,1.147071728821245362e-01,1.751716097858334820e+00,1.835807694376081267e+00,2.136596258232339451e+00,1.635927647756572734e+00,2.282450519814251511e+00,1.729217797070409013e+00,2.053665056502013364e+00,1.716459473234870581e+00,1.967130799996754664e+00,2.295953903589199818e+00,2.045238680052705593e+00,2.172934416349207254e+00,1.933031527360559387e+00,1.730303954644776487e+00,1.884883604528731382e+00,2.132639496850426308e+00,1.765315247829871259e+00,2.081323719338428635e+00,2.140171313409459319e+00,2.375245980937459755e+00
5.378454356404295533e-02,6.930498444372007461e-02,1.049028785654237128e-01,8.696757134961342894e-02,1.186778100467419383e-01,4.219050973083019601e-02,9.418591492785401142e-02,1.117854445327149115e-01,8.058081179518447601e-02,6.521681618578796524e-02,1.143156213176117347e-01,1.189315093390009986e-01,5.386654979368586671e-02,2.180972184156150864e-02,9.838406555863389580e-02,6.380383392747676630e-02,1.189019421775009688e-01,4.432607026933073346e-02,1.187370553501827936e-01,8.517801831749442776e-02,2.028337572277145284e+00,1.688711571370207443e+00,1.993049261705132968e+00,1.990483605149201196e+00,1.908690004062839396e+00,1.684116238893411666e+00,2.127003829481071140e+00,2.241409685769253812e+00,2.279057923103333216e+00,2.120889305826394011e+00,1.838940343596700666e+00,2.018688709319867769e+00,2.129646239024417742e+00,1.675644984393792614e+00,2.349301656366043378e+00,2.079008840615429676e+00,1.925269450970729546e+00,1.771902914348747249e+00,2.301286884534275767e+00,2.374748188224654832e+00
4.082025068754718822e-02,1.006421658237101474e-01,2.968401685075959182e-02,5.875538457428165773e-02,1.149380219847428303e-01,5.080749239502231618e-02,8.000916990481996005e-02,2.432437408331277612e-02,2.097405433363445579e-02,6.060301597174233557e-02,9.984611971951116993e-02,7.816521795162192920e-02,6.674956042979268700e-02,5.900985028335407889e-02,6.590550246294658854e-02,6.335505426570278709e-02,6.577666054681288732e-02,5.044113715856683722e-02,9.328656050567106506e-02,1.118983222316834725e-01,2.230511245440665036e+00,2.346521765881986354e+00,1.805565715930850024e+00,2.052157945272018669e+00,2.055231256869058942e+00,1.993370387839525248e+00,2.153394111671616429e+00,1.627430119323970414e+00,2.394608390420998489e+00,1.752246478600655077e+00,1.759597680761690208e+00,2.390738931692903524e+00,1.954226095059268475e+00,2.160861366197056377e+00,1.888116193115353170e+00,1.849543657287335829e+00,1.671316090533057963e+00,2.351212795035685588e+00,1.797985101696210952e+00,2.038423865381259414e+00
7.403643035899068470e-02,5.701889873883253523e-02,4.294906798951721172e-02,3.440660124662064945e-02,6.476533085336055873e-02,6.167402234254722171e-02,6.505034125607075945e-02,8.291089818885476193e-02,5.481192349290911481e-02,8.585475053516415656e-02,9.021515757997275453e-02,2.939378770336903771e-02,8.813103632919808139e-02,2.101361484354680523e-02,6.471548262751265768e-02,2.306680907204405190e-02,2.107574251338143953e-02,8.499793571688744886e-02,2.894676135479976042e-02,3.790059274107082654e-02,2.014150195791964748e+00,1.847916902095856129e+00,1.944798613599397541e+00,1.998153080901312162e+00,2.119935687239562050e+00,2.075535120852703752e+00,2.318529995320143033e+00,2.112015555837222447e+00,2.092372347143510503e+00,2.393366045070032477e+00,1.672472703348052203e+00,1.935008508899811464e+00,1.768333432902154279e+00,2.101508694446009962e+00,1.722178059320313981e+00,2.186347824734662826e+00,2.373293537161804245e+00,1.766168653643500841e+00,1.958015720420629657e+00,2.366473912638043409e+00
3.053825025014741956e-02,8.160289389611623256e-02,1.047749275589783396e-01,6.091335019569868447e-02,9.131876101751609798e-02,5.248962067767409811e-02,3.948821289532680745e-02,1.084977310373902853e-01,3.678155515725949759e-02,2.591047088543425858e-02,3.438245590285324282e-02,5.818448443878683485e-02,1.129324526624579800e-01,5.995469151365977190e-02,2.399985608337971629e-02,6.981339791959437213e-02,4.414765337281917335e-02,3.551495916008848286e-02,8.081856432226305897e-02,1.192186037182257630e-01,1.861552366059894714e+00,2.337706322394801361e+00,1.719939920074225359e+00,1.816942322039175162e+00,1.688391004683519103e+00,2.264311044101932957e+00,2.060941053169960568e+00,1.779776879973463011e+00,2.028603809686545745e+00,1.674296484373963168e+00,2.203494905433211137e+00,1.757925097530523839e+00,1.909935737988416982e+00,2.062185758922400858e+00,1.963853789643303482e+00,1.944842871382362004e+00,2.256451924843843493e+00,2.074308420849532375e+00,1.863950495659302931e+00,1.920044310502697416e+00
5.073379964091484506e-02,4.320011207797738728e-02,4.056546691507446900e-02,1.038065968801830802e-01,1.139824613578052370e-01,7.228719557719180677e-02,9.857345507935337536e-02,6.784013726405926925e-02,7.291982883238401492e-02,5.137903069419778868e-02,1.147248023781944071e-01,1.173743684089104677e-01,2.492124410842358473e-02,3.357783908543620494e-02,4.474855540117514408e-02,4.368952356233707368e-02,6.935453205924313469e-02,9.909429402496670869e-02,1.164953057041143436e-01,3.543037912937002654e-02,1.940178075576244332e+00,1.892040265325405590e+00,1.943091316320875173e+00,2.319492031667898857e+00,1.986072168010717842e+00,2.254767744552782727e+00,1.946666186553154487e+00,2.177054293423672959e+00,2.018732124340801182e+00,2.204694537502644547e+00,1.815813714855021965e+00,2.210214927219058101e+00,1.762069137569915345e+00,1.964125253016170358e+00,2.246536708067231825e+00,1.704999049948456191e+00,1.725405380500175445e+00,2.206118244900594494e+00,1.772104623724434669e+00,1.823064847442949832e+00
9.267092934804903315e-02,1.140109162753190630e-01,5.322721610146860516e-02,1.010756517778683139e-01,3.715933246517710842e-02,1.048484547932986427e-01,2.749028517279027833e-02,3.915374405197211138e-02,4.787877319324623099e-02,9.971615240675585357e-02,4.108177592971717224e-02,8.221823708013728527e-02,2.153500117117201212e-02,1.131199529903548356e-01,2.822122840633859917e-02,6.826101781219975906e-02,6.129248576136220317e-02,2.537156021169366046e-02,2.864370847996177555e-02,3.425030463402219116e-02,2.129103989579321343e+00,2.189879369551211763e+00,2.366386352832188678e+00,2.106135669321258064e+00,2.173367395146828862e+00,2.385424728718394505e+00,2.257558645334917902e+00,1.965862109668421009e+00,1.692636374628033069e+00,2.062006250623670489e+00,2.259470782572180259e+00,1.991569492699746036e+00,2.337835451161201838e+00,2.147676263662575025e+00,2.021058114630056135e+00,2.378015594531440513e+00,2.191559060744604714e+00,1.954003101890993577e+00,2.290487559266809026e+00,1.999531581415654458e+00
1.004752449213250354e-01,9.152253869816977250e-02,2.832044066730648318e-02,4.276683947769019389e-02,7.821363071131848255e-02,6.957448619792495903e-02,6.475885919537845148e-02,8.905601571211123335e-02,3.065530245669387949e-02,5.722561956233174207e-02,1.189580705494304863e-01,7.890616594308474951e-02,7.388365077913403023e-02,5.242078151251521045e-02,1.111378434426981143e-01,1.052995652788085434e-01,8.840756398613168476e-02,4.973585687400762512e-02,3.324675426777526366e-02,7.369211966932018298e-02,2.169740218556263311e+00,2.073231172913317266e+00,2.125470609668996147e+00,2.080092255956610181e+00,2.017377240800265259e+00,2.274799721046198542e+00,2.033309076152758355e+00,1.928496116638521718e+00,2.303391706355587765e+00,1.832846392108754552e+00,1.980892122121368892e+00,1.689770739107976816e+00,2.117360023619466958e+00,2.223833144255205951e+00,2.118023235685654981e+00,2.268686211918337747e+00,1.968717531514402985e+00,1.812895634480447882e+00,2.196000351757711577e+00,2.358264728907309760e+00
1.083154128415675654e-01,1.137766662771802356e-01,1.125274432505513067e-01,6.358439641468341397e-02,7.323729203377274399e-02,1.140468225140359726e-01,1.082346897994149459e-01,7.187406354747828685e-02,1.147045184817137853e-01,9.035088821747862264e-02,3.392396964169323154e-02,1.117128390163422136e-01,7.193322131021415156e-02,2.861008781445964488e-02,1.010131827671962162e-01,2.737592441399501475e-02,5.434716893134219906e-02,6.479543227064596400e-02,1.126316685233361564e-01,1.174033946959513325e-01,2.273540365327984869e+00,2.055945049975161254e+00,2.258304360011194056e+00,1.841810011453952178e+00,1.896759772454122306e+00,2.090428524884913486e+00,2.326526585426325067e+00,2.290718836039427053e+00,1.826815729490179452e+00,1.681584429666218350e+00,2.244686416813285845e+00,2.389762320089309888e+00,2.153275406908171874e+00,1.811248759868528735e+00,1.838558482267684591e+00,2.017218605435281198e+00,1.657944938164694015e+00,2.131929886856274159e+00,2.218883436986388347e+00,2.136657194316869735e+00
9.272031450428895594e-02,5.752921418928647057e-02,4.387954640251320870e-02,7.349456591996425536e-02,2.137525639186445628e-02,8.497857020503593595e-02,7.608322164363617857e-02,5.119011563480446725e-02,7.299584193531195864e-02,5.614851920908341121e-02,7.337464351806145813e-02,4.414505591089416120e-02,1.072071721992359505e-01,8.394655983524676457e-02,3.498300054539335568e-02,7.021825773525708358e-02,6.447916791648478085e-02,9.942445517822599832e-02,3.577093363999027387e-02,3.636623816934041881e-02,2.266109149233494158e+00,2.364626446560229134e+00,1.702289940422460512e+00,1.871265664843254406e+00,1.702138883918559831e+00,1.876513796401193090e+00,2.220612283111836227e+00,1.755555795509114336e+00,1.762926365737739642e+00,2.194221874018364993e+00,1.972534775351821867e+00,1.991350759663774728e+00,2.160288561520208095e+00,1.953542371255477583e+00,1.697756901422021958e+00,2.037824711516015519e+00,1.803111428855543874e+00,2.312603976966140173e+00,2.213548171217589733e+00,1.630615137881065158e+00
5.451781669884257775e-02,2.533274967895521659e-02,5.653412864033766083e-02,7.939868481291162405e-02,4.421522728515796946e-02,2.963797834040622636e-02,8.956406088456013437e-02,9.099990878921521142e-02,1.006163592783858030e-01,8.554041312878560288e-02,9.993642747463142573e-02,4.897222678145851660e-02,3.382688916027937198e-02,5.920289688372652737e-02,3.701514046435974703e-02,1.002220787140967184e-01,3.937246514908561423e-02,2.326219300825605255e-02,1.075425312425048879e-01,9.505782193087675136e-02,2.025124617136741190e+00,2.312941816971517461e+00,1.791210115003090797e+00,2.378501302029754960e+00,1.715144753013193135e+00,1.784549168517887363e+00,1.733775020091145258e+00,1.871196215033643862e+00,2.087212593009314610e+00,2.010262906784256121e+00,2.356312925952193105e+00,2.354634311555269477e+00,2.335442653199800489e+00,1.915880531177928559e+00,1.905089738117942133e+00,1.854698782091258824e+00,2.209123183591890971e+00,2.326534288225864611e+00,1.857606668285750606e+00,2.058041551514898870e+00
4.486441923728549247e-02,1.116243168292215121e-01,2.250581310741257834e-02,8.188115937723657034e-02,5.138042958160357609e-02,6.994173669020058159e-02,4.099779754312565805e-02,2.387077931976928913e-02,4.366257187263378192e-02,2.801139946680100690e-02,3.512994550652496356e-02,1.196673550743621861e-01,7.496794436219419988e-02,1.021210895521850598e-01,8.020357367651780034e-02,8.642522300839142191e-02,8.086802958678514230e-02,5.610413442926100169e-02,1.015308648834269412e-01,5.263683927048198874e-02,1.651695342868019889e+00,1.725723268779154385e+00,2.196715915984726930e+00,1.819312486782075799e+00,1.762758513149737194e+00,1.836845332602582204e+00,1.918940116577758648e+00,2.110741582594615195e+00,2.278190885965600820e+00,2.178589409079689787e+00,1.698539685165681989e+00,2.388920166401776513e+00,1.771888454792258871e+00,1.663090147631832938e+00,1.807096902846096143e+00,1.760995926279890877e+00,2.362564853259128572e+00,1.660416013435287885e+00,2.300491513851256276e+00,2.170377027176106033e+00
8.552887872970840744e-02,5.998751355973060140e-02,3.684485447746482095e-02,7.361827896917517988e-02,2.143596915434767269e-02,1.170325862839436681e-01,5.212606918741756468e-02,1.196347948138423434e-01,7.433484564168976738e-02,3.207395039504379319e-02,9.376883218197470948e-02,3.382252005820707286e-02,3.121847172146877819e-02,6.095987730797429449e-02,1.067522400283231615e-01,9.875988915525193979e-02,6.175219890370316211e-02,3.050066545587207939e-02,2.145916429876865497e-02,9.008970733097891592e-02,1.973733741388472129e+00,1.827966233130051243e+00,1.822988409335585924e+00,1.715338642021517312e+00,1.962337940095764122e+00,1.847261310985910399e+00,1.661839731521750352e+00,1.644672956792235574e+00,2.180542289583534021e+00,1.661419281101972345e+00,2.281779512278232058e+00,1.877268648264068363e+00,2.010805163253823746e+00,1.969032444010489158e+00,1.655185648575167923e+00,2.202472731511480930e+00,2.138827931934058402e+00,2.121887126093993992e+00,2.296274246117177231e+00,1.838318965374389879e+00
5.468914038917499498e-02,2.400916225065122256e-02,3.813406030661295465e-02,9.407741231323175912e-02,4.222918478959763328e-02,6.414889547511967716e-02,2.743706075687899967e-02,7.676569999575365288e-02,1.104691237787611552e-01,6.278430307549442979e-02,8.874420965029307384e-02,4.710065157372825967e-02,1.052376567467457058e-01,6.931564996257302824e-02,7.593585294731448887e-02,4.921464246823568922e-02,3.131447859232180941e-02,7.709898562441422354e-02,1.092794083418260065e-01,9.654518613430487783e-02,2.118710167208062600e+00,1.948995077240131657e+00,1.778776941254390787e+00,1.638820417899129467e+00,2.071861099053538879e+00,1.985741611361632630e+00,1.730848091982185366e+00,2.172585190733045124e+00,2.391839750469498149e+00,2.338446130544725499e+00,1.841113434066603549e+00,2.186466855969697143e+00,2.287280488265356571e+00,2.190103291683494824e+00,2.215113592513121787e+00,1.699312023056140042e+00,1.779661497075586629e+00,1.777807767777345616e+00,2.153380682490375619e+00,1.924007125613290237e+00
3.804601208722087347e-02,9.967336769044557454e-02,5.064068770355878435e-02,2.840359752360259102e-02,2.859850752213514632e-02,9.130051034262795517e-02,3.899993287008292342e-02,3.924082233774078832e-02,5.113536775694944858e-02,8.578113469619851050e-02,5.404120395507765184e-02,7.425217605264158860e-02,7.961494734086591030e-02,7.963900822765798693e-02,1.069425898652913709e-01,4.218650394280579891e-02,3.621123479467761030e-02,8.664152297411541193e-02,8.896239347476515846e-02,2.669759928664931434e-02,1.923082118379520589e+00,2.194295282719241680e+00,2.001085270212902500e+00,2.167374317061221856e+00,2.378890176535645828e+00,1.602299432393531786e+00,2.385294968747420530e+00,1.615581816733051124e+00,1.956705941497362877e+00,2.257088007825830189e+00,1.720103772360570549e+00,2.127501667271878283e+00,1.656367395157062772e+00,1.845762886182348517e+00,1.667359098375030824e+00,1.885786896727922102e+00,2.355475245226396286e+00,1.693543297329572095e+00,1.648858210622846876e+00,1.680997361739051010e+00
3.367585573247042219e-02,9.638920700411302001e-02,6.511994130430943939e-02,5.101413429861638427e-02,1.111991163635633190e-01,2.114371654413106996e-02,3.106067279460677372e-02,2.738335088969533898e-02,2.397182019520952001e-02,4.616581079517870223e-02,3.006857250568832282e-02,2.526633490852775790e-02,1.064247264864802561e-01,9.195831555964296966e-02,8.685309228074115928e-02,6.184657606751232939e-02,4.686943902681332125e-02,1.178720310403652410e-01,4.058739320917660598e-02,1.094977341567693468e-01,2.269460443193656030e+00,2.333227170713627174e+00,1.604472450473224177e+00,1.762370437080113206e+00,2.314192862915865678e+00,2.050553588810293704e+00,1.935126252475608766e+00,1.979712678299334394e+00,2.283147521607300945e+00,2.354665924581070158e+00,1.944250468246832675e+00,2.232678979978829581e+00,2.330860026742924251e+00,1.961473423101386837e+00,1.801381292667541212e+00,2.273603966603039872e+00,1.987066716195646343e+00,1.799398857784175076e+00,1.786009860922768144e+00,2.205444351933565361e+00
6.903186804472692673e-02,3.686940347069760787e-02,7.253050201039565326e-02,7.245507846339228897e-02,9.525344161511317687e-02,8.129690811493840708e-02,7.462022139561211298e-02,9.451154771201679405e-02,3.460045176054096783e-02,9.554654691714603576e-02,5.024881186620591689e-02,3.128764910833852636e-02,5.719590641220653748e-02,1.151279036190239607e-01,5.321559524609065228e-02,3.627291593928737290e-02,3.951053748949472089e-02,4.501445293990780083e-02,5.632518125763515127e-02,1.098504557318658870e-01,2.374349572741539571e+00,1.817279336523138111e+00,2.247661466671396546e+00,1.639453405835946675e+00,2.115112651501306118e+00,2.223535252390761663e+00,1.778990319132778497e+00,2.084121303872555231e+00,2.255903149963092158e+00,1.743621324928264160e+00,1.948210144539062938e+00,2.252132154247243889e+00,1.746689809176894759e+00,2.263850730771031827e+00,2.309468338705881862e+00,1.815840744089842529e+00,1.715247063065344468e+00,1.738741246407428775e+00,2.150618043222868536e+00,1.713313064092092386e+00
1.125819155940548794e-01,6.436224762277505118e-02,9.561110693640105518e-02,9.439987442574833409e-02,6.757511925882167536e-02,6.205673019852572803e-02,8.215503886629516028e-02,7.821389027998144894e-02,7.471697246797362468e-02,1.084311052062849612e-01,8.108326682926615681e-02,1.043726846258237473e-01,4.626461150638799119e-02,7.409002981832293888e-02,8.731373703695639865e-02,8.786360132437422144e-02,8.859848324392119445e-02,6.844325970054582209e-02,8.096200951734301710e-02,1.058531039965983356e-01,2.252130393044301737e+00,2.341683915493859569e+00,1.610591659057189817e+00,2.156180038937784982e+00,2.316133581653941675e+00,2.387664681714806392e+00,1.892058035073715505e+00,1.881455724169668553e+00,2.351442133706775017e+00,1.789401995060649453e+00,1.961507332257496738e+00,1.852962792006112691e+00,1.642808849223168055e+00,2.046967046272600399e+00,2.087759922468179319e+00,2.386323790182539817e+00,2.220325398457236421e+00,2.331872053877622086e+00,1.820319925950503626e+00,2.002188989259983121e+00
2.765686017580008468e-02,5.226577255222147889e-02,9.076499757224458509e-02,8.226857405133547463e-02,5.081136047041191761e-02,9.541877830917737391e-02,5.231354677758401350e-02,3.047205752922434174e-02,2.283598487115629308e-02,1.162220977281074735e-01,7.051539544809985738e-02,1.196979102565169650e-01,9.760487776084392220e-02,9.556491604456311684e-02,6.355195363992409419e-02,9.140024547295474977e-02,1.119215631806024791e-01,1.119730296308190098e-01,8.019757872908597762e-02,2.401582946886013370e-02,1.922445363365923310e+00,2.187541423848601063e+00,1.741619522519888275e+00,2.312570266585780132e+00,1.998935987292071559e+00,1.620010859287090543e+00,1.758140705203192322e+00,2.393905511642535178e+00,2.135416002383445644e+00,2.021991475870881683e+00,2.213971005959639360e+00,2.098134462039337400e+00,1.992206521197840363e+00,1.655351528037541931e+00,2.352379978493882362e+00,1.762254308042778606e+00,2.206477728661404569e+00,2.073020835253508665e+00,1.657601799814166554e+00,1.821777614568540482e+00
2.792765372231471865e-02,3.207781911569995703e-02,1.133633268220360230e-01,3.364875666045990393e-02,4.335386075547135315e-02,6.111216338256962588e-02,6.177048336748519608e-02,9.216580095944358619e-02,7.789445761933881662e-02,8.867667650740734819e-02,2.326538342881585841e-02,7.397442001905339681e-02,5.996959289942618843e-02,4.115139294616657062e-02,1.151594338272397683e-01,7.579800703676303764e-02,9.981942342305021032e-02,3.236733753163567595e-02,1.016950460071460449e-01,8.396770346767999660e-02,2.271409220698183962e+00,1.845502707005411303e+00,2.038909954774074773e+00,2.116129215477459358e+00,1.775940556948238713e+00,1.613932826744629789e+00,1.893475137249402973e+00,2.215955881836334740e+00,2.042707489873061721e+00,1.881497607261826799e+00,1.948270830298044931e+00,2.134734064418735588e+00,2.044708686316642154e+00,2.395144555365174455e+00,1.718639823905986352e+00,1.609764617267116060e+00,2.058111940760753544e+00,2.243341392767649989e+00,2.066639215696458365e+00,2.320904915344870645e+00
3.527601846741739572e-02,2.330913566431118064e-02,7.753506158819770122e-02,8.604246826403094683e-02,9.649973306021396302e-02,6.384504662545323339e-02,6.455338315677058847e-02,4.988395509537738720e-02,1.114965491901148548e-01,9.839615340588889203e-02,2.526151296673350560e-02,3.858959782941247252e-02,6.391539428174997095e-02,8.818079711347437399e-02,1.152653748709680098e-01,2.102068796223281397e-02,7.720328986210531208e-02,9.823532843629895206e-02,7.642445339782250047e-02,3.019389435360676777e-02,2.143274093337717900e+00,2.359265183304159130e+00,2.303712322978043847e+00,1.788198077441540024e+00,2.309302085521490522e+00,2.123535935166212418e+00,1.944523196904700324e+00,1.927603840434036542e+00,2.024123294952121732e+00,2.365748428773787992e+00,2.034512602490637256e+00,2.389557308595187557e+00,2.101889860591982462e+00,2.099066216928726636e+00,2.362257550553273688e+00,2.046504100378508273e+00,2.063142891539141655e+00,2.146174623530497261e+00,1.664161948645211053e+00,1.900400705560285397e+00
3.232665202631399698e-02,4.314509673400061113e-02,2.965270733022367516e-02,2.131795117832279568e-02,4.909926324608791109e-02,6.199904489669738616e-02,8.526192088244442802e-02,9.224282336974076735e-02,5.141817428568370985e-02,9.058982966975791251e-02,6.522518246761467575e-02,9.711700977153392422e-02,8.311886347828995047e-02,3.269824882508932939e-02,2.510128042921954544e-02,7.587902454787652518e-02,1.021814316287598529e-01,6.359307130554356369e-02,2.595249232884362656e-02,9.504128973588928109e-02,1.656594555707819216e+00,2.186122975552927450e+00,1.925626976535088186e+00,2.099608975092943197e+00,1.679390509634731909e+00,1.800825027036688342e+00,2.125371916906527492e+00,2.204679787063831498e+00,1.703761064065274944e+00,1.791566324378419672e+00,2.085752190495945069e+00,2.160825916133065405e+00,1.697406387989796706e+00,1.707402507591148977e+00,1.686686221374632977e+00,2.226003613429334838e+00,2.031260578574278330e+00,1.812605993971540208e+00,1.918401047747807731e+00,1.611100285083934214e+00
5.604891263849400007e-02,4.554873859582388163e-02,6.435608909551412959e-02,5.667598152487321461e-02,3.105818839448603458e-02,1.052440136408312188e-01,2.262948288376197964e-02,8.343994917748719098e-02,7.112042126496834205e-02,6.154310882741276245e-02,4.723910353988036714e-02,6.427769378339361073e-02,6.096271665748380364e-02,4.650839362196234478e-02,2.675883551789623449e-02,8.847276539939144535e-02,1.003083777139820026e-01,1.115094446987112131e-01,1.162902312796071091e-01,1.167733035289839211e-01,2.010995100610224462e+00,1.661931121694546265e+00,1.820231759438896146e+00,2.289649713879423398e+00,2.057445998245533758e+00,2.187648127608751381e+00,1.877289746984221797e+00,1.624116881373939503e+00,2.236073357965603137e+00,2.196188112342499554e+00,1.947430238298286209e+00,2.325149809891572605e+00,2.222656016399790602e+00,2.177394925121612257e+00,1.969659550158833872e+00,2.000058825943741070e+00,1.891168406245912870e+00,1.943321796143885782e+00,2.318509468956339248e+00,2.092249581711866924e+00
3.325977325898311909e-02,6.629256568782522507e-02,1.095722305129256530e-01,6.943828970423600311e-02,2.231845435673346714e-02,1.121617493734971410e-01,3.954372982764282896e-02,2.902163570972682641e-02,9.117649290277390906e-02,3.450490251737812347e-02,1.075362793794279598e-01,5.618526909612936437e-02,3.603266167093786831e-02,8.106058640758756484e-02,3.093024021412665164e-02,9.738472810046754080e-02,1.177558984901017902e-01,6.885534021028524854e-02,6.080794989743444623e-02,1.136861190778617747e-01,1.601498742599856362e+00,2.261352165980199391e+00,1.864401972758553239e+00,2.398924114405561081e+00,2.224234266911002678e+00,1.724779553149511591e+00,2.099673372817924211e+00,2.256241595177973736e+00,2.026313254836147326e+00,1.972529070570797405e+00,2.358350276100056320e+00,2.157662988672671034e+00,1.860061334827458390e+00,1.870460484132412615e+00,1.624436708257800177e+00,2.270670829255225787e+00,2.059535145279775215e+00,1.992520386708263702e+00,2.050544062821090030e+00,2.127448077758570921e+00
1.152906720607904251e-01,9.616218710009853676e-02,8.239653487108089536e-02,1.085724892656297069e-01,5.573243742022099267e-02,1.096545876749263904e-01,6.967703314346031240e-02,7.114180209407459932e-02,7.230863144430162148e-02,2.918066028672502976e-02,1.122918995827656558e-01,2.477340291195871333e-02,6.155163223135022565e-02,6.343487730892445609e-02,7.151754783650408898e-02,3.012738137939430585e-02,1.149447974679191076e-01,7.560668619235587362e-02,6.993561025705911927e-02,5.042887814483555664e-02,1.737267927660563371e+00,1.939686592672465126e+00,2.223351439190648371e+00,1.978940529258967462e+00,2.309726105312192246e+00,1.852102480645104521e+00,1.699770330938288998e+00,2.233262660846931258e+00,2.272624590479151774e+00,1.773150290195082857e+00,2.377431971444431191e+00,2.228213354954376779e+00,2.014528928135682406e+00,2.259428390181304813e+00,2.337827537678084600e+00,1.704811127447817043e+00,2.073730171940542544e+00,1.960292335511598871e+00,2.348569092892165866e+00,1.883582110465773951e+00
5.536018469461283231e-02,8.184405360374055749e-02,2.638507000092508645e-02,5.237225847781913635e-02,4.713618769718622148e-02,8.788456980256252604e-02,7.543289394112746848e-02,2.039794224907865230e-02,7.854601365640419275e-02,6.894077749692975599e-02,7.505244280388032041e-02,9.758273734671139843e-02,1.008695425934294093e-01,3.005745071726266190e-02,1.076068488885063706e-01,5.188083041965048381e-02,5.563378505748439729e-02,4.864141161165618649e-02,4.101425542638199861e-02,1.149559515575614421e-01,1.984225943667983882e+00,2.252667662342668020e+00,1.656324033752824221e+00,2.216967923741787416e+00,2.189890837708894367e+00,2.212956460037236450e+00,2.279810686344636572e+00,2.088101141139707906e+00,1.840865431282830533e+00,2.313859150370321860e+00,2.152918180376121704e+00,2.064561721307639264e+00,1.854549459217095242e+00,2.138298436049394180e+00,2.333766869823195478e+00,2.384040750982888035e+00,1.972351928913013364e+00,1.971060516037689947e+00,1.813197399656100606e+00,1.961861300731030155e+00
1.094829073601415181e-01,4.097225190565895181e-02,6.404105085749275950e-02,4.905201373443638518e-02,3.267193119188151196e-02,1.145581473293028896e-01,8.239089030797847046e-02,5.944751945349989464e-02,2.866645683837442532e-02,9.339108323635546272e-02,3.544447254756817600e-02,4.852572342031660768e-02,3.733732751822013696e-02,7.042367161522219976e-02,2.949973359535989353e-02,3.000375413585090745e-02,9.530203233550274544e-02,5.828661402790226431e-02,1.101168760622763532e-01,1.074564216445778875e-01,1.600328054192909466e+00,1.775012308331565647e+00,2.172747422845117349e+00,2.053621056984427984e+00,2.388295417102767715e+00,1.794507939279964548e+00,1.674275061894495042e+00,1.949957424522108074e+00,1.676117990145960857e+00,2.123180243473391293e+00,1.661630619305812573e+00,1.660679346343803875e+00,1.834476229870745323e+00,2.083128137943350389e+00,1.747969594992615727e+00,1.842034685663719529e+00,2.290512952122939261e+00,2.055077155908626718e+00,2.347491569426167324e+00,2.020239523270258353e+00
3.557095335346266429e-02,5.131266041438836689e-02,5.648741313536949360e-02,1.085534231653706161e-01,7.009384521384655342e-02,5.548924609675692787e-02,4.480603424998885059e-02,2.025352349762362184e-02,8.224701757459289275e-02,4.720917057963335689e-02,6.379669717443897659e-02,2.500873577933860128e-02,4.844879839982960817e-02,8.176041854862635405e-02,9.862357884006070496e-02,1.058420997864743390e-01,7.422335336735265410e-02,3.237560320349643084e-02,3.030037626334628961e-02,1.139853717158545998e-01,1.938080358880995835e+00,2.283527705004168240e+00,2.093393131519164285e+00,2.368954346301023861e+00,2.181709721117709222e+00,1.627763585397233204e+00,1.700010052893383028e+00,2.026287773174535456e+00,2.029004402688316500e+00,2.289248639695629972e+00,1.636644149955449601e+00,1.999853575153062391e+00,2.211041164872407094e+00,1.871024411427999024e+00,1.864283794126784244e+00,1.818712837059297982e+00,2.127150953789330501e+00,1.675759110806502639e+00,2.106352272264412573e+00,2.381333306485698298e+00
1.007214097478138365e-01,3.711920254431977373e-02,4.278031343144305526e-02,5.580132528722489549e-02,6.617816530542244835e-02,6.504969000284942238e-02,5.931130825015588914e-02,1.029628132637712412e-01,6.955388640560192237e-02,5.461383320565023347e-02,9.367544128880429810e-02,5.194266985579916451e-02,2.704121480688086859e-02,5.168592021768052269e-02,1.072139657349462372e-01,3.016162011204253507e-02,8.825208616080615354e-02,1.144693972205178684e-01,7.235258092108695638e-02,6.248815885121997149e-02,1.820793713929082180e+00,2.093263865629359177e+00,1.691340347667437571e+00,2.029973837473430187e+00,1.700776625903192452e+00,2.081852287202451190e+00,2.111148020006034187e+00,1.934148111138564552e+00,1.674887530132853186e+00,2.119535027779742897e+00,2.339109346981315340e+00,2.220307547507318180e+00,1.716519691901823519e+00,1.864174836149435244e+00,2.203785584009837706e+00,1.725550396724119695e+00,2.348677076209948922e+00,2.212484716376776461e+00,2.309368879256630258e+00,2.184638960684632814e+00
3.284872487220877324e-02,8.115459997379542711e-02,7.797865587045922642e-02,9.705318349616352813e-02,2.023422266434094299e-02,6.681845596194160852e-02,1.132169667624586262e-01,5.911798124633901863e-02,4.704335869675607684e-02,8.245106410501093497e-02,7.930106458924271462e-02,4.769147436560279563e-02,3.418947578135633075e-02,2.634804408572399143e-02,7.801423671784560310e-02,4.953037332162375794e-02,5.207711055141443779e-02,6.770547208402026562e-02,3.900339316253158967e-02,5.772859974532486282e-02,1.921992556118616413e+00,2.192816345518822541e+00,1.987916837704304607e+00,1.718222889649117846e+00,1.834555454660443674e+00,2.027653600682643553e+00,2.194761117526840444e+00,1.818160249461019395e+00,2.334106013306326943e+00,1.657580382257884288e+00,2.015471775710012903e+00,1.953940767070029505e+00,1.772575620406212193e+00,1.640199463364486965e+00,2.203636924775266515e+00,2.092748244679159431e+00,2.175305545580231481e+00,1.965631162047462022e+00,1.955185480323335279e+00,1.813340953378608011e+00
8.144771189386974808e-02,9.104471870144241474e-02,9.154472708026516192e-02,5.631913381165069843e-02,6.517220336662990499e-02,3.493999836409781429e-02,4.194512241431132271e-02,1.032183951050429510e-01,6.012357029373256723e-02,1.067890284650576949e-01,2.067318942493328454e-02,6.512830798451468839e-02,3.435811770852473940e-02,9.318069962852228161e-02,1.147593614498956943e-01,5.410749890877190882e-02,7.497431355306898026e-02,1.147948689510323583e-01,3.039526068623915958e-02,7.676265826471005693e-02,1.624877720812973436e+00,1.855144077757720833e+00,2.028061324396228660e+00,2.055000414958996213e+00,1.634427149664015699e+00,2.228596219814947155e+00,1.615607770545427258e+00,2.343133072960871477e+00,2.269774805712505561e+00,1.623800216184944745e+00,2.106078621752426994e+00,1.782359131231660676e+00,2.246509852446680888e+00,2.351531721578629330e+00,2.221445565174865244e+00,2.198725398963815358e+00,1.967114831177972256e+00,2.069126882379394683e+00,1.977990606234048876e+00,1.746530562006285869e+00
1.140164653872493133e-01,2.487890832739762456e-02,7.113565092871618201e-02,6.810173844601577486e-02,5.109223669641421717e-02,9.876705274134588153e-02,5.480961829678338004e-02,9.805646774720915004e-02,7.158603996997110752e-02,3.529606912773224775e-02,4.810495973362305389e-02,6.656080429728573888e-02,8.634634322413581309e-02,1.121918017873770740e-01,7.464196599014352729e-02,7.987872721753527805e-02,1.026064523998379829e-01,1.057525080614620944e-01,3.580186222332358559e-02,6.161419768112537387e-02,2.275666254383689413e+00,2.365302067827741883e+00,2.375357261443019397e+00,1.878895001124998965e+00,1.713707435548394109e+00,2.144475254890740867e+00,2.066801201090851858e+00,2.122135276722088459e+00,1.759244471463866644e+00,2.027078382380792299e+00,1.822221685930349055e+00,2.092807007155266241e+00,2.380180184707195057e+00,2.133403820923543748e+00,1.652308095111446162e+00,2.352684227231639724e+00,2.110361052612821808e+00,1.603154043413573593e+00,1.810703650528073805e+00,2.195866153614464800e+00
3.923751292557735304e-02,5.784581003075389694e-02,1.198397537253083484e-01,4.758097388617881646e-02,1.031129732638939450e-01,4.819357046547598916e-02,2.178995468173925906e-02,7.004856631940012401e-02,9.597558335016839748e-02,6.533858815483070681e-02,1.193278207322050199e-01,4.606724541504907816e-02,2.736676482469886651e-02,9.946392120932583125e-02,6.736500096798761494e-02,1.037544790157099994e-01,8.459471519107097937e-02,2.919891602413026560e-02,1.020249723431559674e-01,2.663082706284157150e-02,1.751867192550502272e+00,1.658927560125769585e+00,1.983748294588748129e+00,1.648798617870363303e+00,1.839784759950455983e+00,2.203734145611089268e+00,2.344199552167503420e+00,2.207222730799843546e+00,2.231269701300864661e+00,2.086405672984000592e+00,1.694117943129005877e+00,1.861926225023829096e+00,2.326416415076588695e+00,2.160805243170346834e+00,1.807393172428784389e+00,1.956372650842263194e+00,1.915807307644459945e+00,2.395962178074807269e+00,1.681368754272801080e+00,1.644874631878801008e+00
1.130250568875248163e-01,1.165643151994802257e-01,6.643767398666908242e-02,7.862792738085293276e-02,6.302497266397209807e-02,2.257705825654204163e-02,6.334482283604245256e-02,4.320261386600882103e-02,9.517295133332613621e-02,1.126698471340425167e-01,4.667007777653717215e-02,6.729456038834741305e-02,7.654502194569899609e-02,8.146156885104643974e-02,7.735806860249325179e-02,2.691609319126776756e-02,4.743596780179301642e-02,6.996618648743267721e-02,9.797987058608090272e-02,1.184224747555604473e-01,2.011976740815691223e+00,1.799693842395549748e+00,2.251944740482604512e+00,1.664915687154927548e+00,1.768297847168111891e+00,2.048828719633942086e+00,1.770545873652886293e+00,1.697120144441521816e+00,2.361089599225671520e+00,1.694013805771750203e+00,2.011411993957549438e+00,2.316684645460183489e+00,2.310733165928027688e+00,2.101200155414113091e+00,2.206558417421165874e+00,1.677440924657724652e+00,2.274778216656923480e+00,1.695559182363907569e+00,2.230442805166933606e+00,1.963950778418011911e+00
4.052034344078687955e-02,8.078895138055328107e-02,1.149393284909007995e-01,2.522232863222692578e-02,8.421438271606078441e-02,1.153010530658584720e-01,1.006485636134195477e-01,8.548063794491859990e-02,5.706331028469475986e-02,5.336942040740197402e-02,2.857354282408297932e-02,1.007990961822690518e-01,5.425869546659345399e-02,1.061801627360583755e-01,7.455304746400660820e-02,3.606086390632962102e-02,2.057827333581022100e-02,9.994956899037886477e-02,2.571178541836730003e-02,1.064517806944710043e-01,2.307842178962193014e+00,1.742084030857740551e+00,1.946406707358380395e+00,2.378565869982891545e+00,1.730990032807036894e+00,2.010693887184252127e+00,1.718012131845958246e+00,2.209035993400146669e+00,1.717891650739570730e+00,2.360934508097972451e+00,1.729987965059364807e+00,1.723309050890917904e+00,1.857231159271190091e+00,2.126226162979695022e+00,1.828927060833667850e+00,2.105627831709199427e+00,2.224116692080055468e+00,2.312223369256860117e+00,1.678735601922307641e+00,2.172726129349747293e+00
4.119134611705418947e-02,1.065191681501629350e-01,8.620690237447728443e-02,6.616647797281872967e-02,8.785229834839630714e-02,9.721138786823176059e-02,2.109874626177988058e-02,4.359835374003490083e-02,7.806116428414613950e-02,3.952045313153584177e-02,8.750697875801054237e-02,9.265535373394732932e-02,9.309269277605652926e-02,6.461083457716779166e-02,4.488676822784867793e-02,2.674401216416606719e-02,3.623508531341564087e-02,4.207602563766346671e-02,1.118631884488221206e-01,9.780722088807120018e-02,2.161919575588073350e+00,1.723518724763100973e+00,2.113202254185715390e+00,1.875645944110125640e+00,1.957125796855259781e+00,1.616847901668957643e+00,2.226383187004584929e+00,2.022943845947489105e+00,2.100865378479768175e+00,2.315947706429505093e+00,1.984851201494300499e+00,2.275714684878959559e+00,2.288330691606708545e+00,1.829330411038061044e+00,2.053028021887613352e+00,2.383789965329840221e+00,1.980229560005889233e+00,1.758548762366708429e+00,2.195930413726822295e+00,2.362323652451371103e+00
5.421761977762193374e-02,8.467040712819715043e-02,1.122911065599701969e-01,8.530990081916905998e-02,7.998893353982688970e-02,7.243092997984645898e-02,1.043929028274090121e-01,1.093532646922709267e-01,9.031946566771324736e-02,6.824986786109023262e-02,1.175856496784967592e-01,2.996596961159178618e-02,9.995211669747754157e-02,2.965539461310005495e-02,2.834941513514679934e-02,3.048889310432762248e-02,2.077059778985939492e-02,5.230740604944873751e-02,1.173473141799267483e-01,1.032432592118213699e-01,2.177550008932016112e+00,1.807014710716594141e+00,2.002215752605474908e+00,2.273930789715343792e+00,1.975792431635952529e+00,1.887525733386920646e+00,2.172165349863050210e+00,1.816435827617943088e+00,1.941570172413658701e+00,1.844459460307985355e+00,1.969204593780123913e+00,2.050865672020860675e+00,1.679965299350298924e+00,1.763980093261754201e+00,1.920481850866923690e+00,2.334163138981738328e+00,2.061026083563667122e+00,1.949926277507185723e+00,2.178862299539233938e+00,1.725466314110499777e+00
2.331695912488244635e-02,3.304212219740973455e-02,1.049834752336160915e-01,3.443034319622989559e-02,6.174933361662943154e-02,9.121874498585544333e-02,5.045685018606467509e-02,6.887931870101757226e-02,9.084076583674075001e-02,1.071037309781978086e-01,1.169853540386501939e-01,7.324334461270766428e-02,3.544473653160809534e-02,3.568573078819826938e-02,6.060986557909769923e-02,1.167402798741648262e-01,1.188251504343880438e-01,3.577839223922654743e-02,1.182756111396797427e-01,8.943871221080985923e-02,1.740949529273016161e+00,2.316769947377102401e+00,2.026946058266210660e+00,1.707874681577443710e+00,2.121747630112173155e+00,1.874601596838169515e+00,1.750290100653770331e+00,2.097495363783200784e+00,2.024633413590916309e+00,1.928712367177683351e+00,1.929216728753474275e+00,2.321889392483890813e+00,2.077763806359502752e+00,1.771278966398035504e+00,1.999812677866250610e+00,1.898286086247438664e+00,1.627279639329720640e+00,1.759920066980691145e+00,2.092168411540055839e+00,1.808507645878256964e+00
5.362225831463664216e-02,1.129958313963788930e-01,1.154836876938606094e-01,1.190818296114861535e-01,8.107576644441076563e-02,3.976539772650210247e-02,8.633304424324499127e-02,2.649917491524644148e-02,5.993498171242681027e-02,8.098504270293993557e-02,5.481657885724201817e-02,2.827094636335587829e-02,9.526573708119576156e-02,4.379322658830642201e-02,1.142365612012383874e-01,6.377932398479677079e-02,1.132503840758054825e-01,3.606907445412198265e-02,3.344372935616517911e-02,3.247105491021742840e-02,2.382361026182248764e+00,2.060541967074327907e+00,2.234118954193949236e+00,1.935490351162765243e+00,1.864051431112521806e+00,2.116721729451167544e+00,2.082988431948271657e+00,2.308961530863329781e+00,2.196852105345331818e+00,1.892122457774880973e+00,2.047374629888212283e+00,1.851227707323397809e+00,2.306651244684071234e+00,1.609272036986415522e+00,1.890083150798042455e+00,1.802507405849059108e+00,1.720241611993871489e+00,1.763892187699481306e+00,2.081379744696646217e+00,1.669680873930629250e+00
4.432597225581631772e-02,6.542138650429718538e-02,1.093266262676697020e-01,1.104165935607679394e-01,8.812214531444344245e-02,7.520301852441199641e-02,6.175783991719199784e-02,7.837866921201816495e-02,2.223688789615316241e-02,6.884196945019209479e-02,4.986590796862168384e-02,1.009240430939172539e-01,7.181617362322034737e-02,4.223163227308103507e-02,2.043833265555218895e-02,1.097339290803492073e-01,6.827497284791515797e-02,2.051541780690190747e-02,3.085330595637273549e-02,8.135081669750451883e-02,2.385074290788140594e+00,1.973275543120322162e+00,2.144294971680132278e+00,1.755140794796227199e+00,1.967030739565412523e+00,2.020878772626907960e+00,2.372978901350752068e+00,1.809509773080345107e+00,1.992389938839332686e+00,1.623749326610502752e+00,2.219247949102840067e+00,1.645133240405121100e+00,2.325636218646072617e+00,1.761471632641913088e+00,1.617614477597023592e+00,2.223840531078435490e+00,2.285452848163402439e+00,1.984660981529907664e+00,2.293618017757140137e+00,2.358181394911250894e+00
2.490680184336616088e-02,8.063820920024403205e-02,4.156976647099147604e-02,5.364583528122761347e-02,9.173240356100399728e-02,3.183063824340129355e-02,4.459417329422805942e-02,7.502857783644764633e-02,1.060598094895181531e-01,1.003797357647343014e-01,6.069914731409779829e-02,7.388268823182661538e-02,8.171798737859815864e-02,1.142836905784318791e-01,4.974101513710926792e-02,2.470807387265931340e-02,4.649724687921924504e-02,7.789658421154302403e-02,2.002065198313289149e-02,1.147003395830406974e-01,2.015963388927350941e+00,2.260350514891025231e+00,1.996761090599511679e+00,2.331608143474029671e+00,2.061547817826771212e+00,2.065674249261252093e+00,2.022514046901826568e+00,1.837828378412584618e+00,1.880196866330645422e+00,1.957670741010888449e+00,2.090067644449733919e+00,2.360658260649969087e+00,1.605555532951612019e+00,2.377941965689797321e+00,2.231903626785887607e+00,2.135035544944116737e+00,2.111462282738487239e+00,2.231652715807788123e+00,1.691908952837245961e+00,2.223226284566399258e+00
1.157763498200610752e-01,6.161547388980367912e-02,7.226171319809374105e-02,4.321049309957774448e-02,1.098635489567159895e-01,1.131439629126038821e-01,9.800501937388378382e-02,6.014062789376327378e-02,1.041360552774298620e-01,4.537311797380477740e-02,4.946974851227592396e-02,6.621789841189387738e-02,4.112582011961105760e-02,1.119215957244796694e-01,7.003801056464961650e-02,4.967986810301522338e-02,3.969593255135821230e-02,1.194044646055547609e-01,6.071852497450261343e-02,7.758910647014026496e-02,2.272229825761719280e+00,1.649076627132400441e+00,2.124820723729816674e+00,2.239398943520690466e+00,2.124387029045697428e+00,1.999502916907377470e+00,1.957128952853403714e+00,1.663259417565798870e+00,1.699877379018617907e+00,1.775333646790086206e+00,2.054895928637668234e+00,1.902778232312019702e+00,1.919966452453327976e+00,1.822283870784560778e+00,2.225605849479804110e+00,1.695033591593692490e+00,1.986914571138938879e+00,2.099609406044702364e+00,2.244322212936230354e+00,1.761403083159823302e+00
7.610074349281528705e-02,8.857911095198986451e-02,7.126256757455387558e-02,3.302169066388861707e-02,9.262563386824161638e-02,7.407470251380898763e-02,7.608437666509632047e-02,1.169264944922543958e-01,7.014395136944991116e-02,6.941655733028305464e-02,2.118649644887815944e-02,3.878308361526397463e-02,2.584811447450391722e-02,2.070920921958976924e-02,1.144364443719526336e-01,1.190648705284385878e-01,1.145899870633396989e-01,6.433454781360484209e-02,4.346552333320682915e-02,6.844865319181640817e-02,1.806270340929890583e+00,2.102299713251420954e+00,1.606619944634838371e+00,1.803180873801128348e+00,2.264175273436221936e+00,2.080942477905904475e+00,1.898405604964376270e+00,2.116089448635976034e+00,1.760042843964503501e+00,1.891012001614544191e+00,1.829111172869230861e+00,2.098537763666548983e+00,1.680094630926726174e+00,1.732299949163152775e+00,2.140727251658199659e+00,2.132046453817491027e+00,2.370310447509166085e+00,2.092153925055104224e+00,2.222431462405271674e+00,1.774166684868339283e+00
4.414499360892312763e-02,1.044514465578824242e-01,9.209562477529058266e-02,2.880167099054854740e-02,1.177653621282157004e-01,7.390682875726303780e-02,1.161258023242096316e-01,5.195169906442254071e-02,7.540003203505842022e-02,9.714149762078903849e-02,2.018286570689174428e-02,7.904676402095275889e-02,5.310441150308747860e-02,8.021866754653950160e-02,1.174710962220987809e-01,6.867548372300345816e-02,7.668365584209410613e-02,2.577184939939124869e-02,2.273761932371423655e-02,7.731372407848544070e-02,1.847025493522757245e+00,2.340584040756994000e+00,1.719679598997457148e+00,2.095192909911064660e+00,2.381902652567210232e+00,1.819659919638096701e+00,1.892233367738647809e+00,2.338929952346930019e+00,2.064307494761394413e+00,2.028595768001420385e+00,1.933098481809940372e+00,2.062350171269098364e+00,2.255197639697526846e+00,2.059237497820224139e+00,2.033845614615647168e+00,1.625043103053827931e+00,2.262790942303078090e+00,1.660181167170166283e+00,2.359523089186466027e+00,2.321791873645182136e+00
6.003367648025716152e-02,3.450566580000964667e-02,8.700839210186445127e-02,1.063217335531991686e-01,8.242794444083008376e-02,1.058235418174069270e-01,5.247622167706941787e-02,3.067176649544154504e-02,2.061521348522638367e-02,2.140479060495012464e-02,9.765425536931986172e-02,2.251602484599619924e-02,4.140748682382122681e-02,8.561114461449133295e-02,6.751683491968950290e-02,3.128436456960801554e-02,3.446730456073024418e-02,6.663973033043725513e-02,2.641458982444186421e-02,4.605534016973886896e-02,2.394663841293159123e+00,1.900340519918401583e+00,1.968688441568035685e+00,1.798347448540415172e+00,2.220889098684459384e+00,2.010170174628416628e+00,1.772167055882356124e+00,2.163104542084815396e+00,2.075508948986788393e+00,1.994744182895195062e+00,1.842668743033849310e+00,1.670398715431844039e+00,1.714582838624701955e+00,2.258045553862764177e+00,1.632161691543088100e+00,2.398876427349252438e+00,2.092290022731130517e+00,1.886679867572415015e+00,2.161936813623734022e+00,2.029514955210519833e+00
2.747239940118388277e-02,2.164006367441443854e-02,8.641296923535012053e-02,1.100865622914155295e-01,6.050414893189325072e-02,8.086454692351850715e-02,3.574089956591858241e-02,4.839437223095265778e-02,6.029848525455876185e-02,9.211921642263436183e-02,6.667672684326726718e-02,8.478171445111142013e-02,1.090924417525483830e-01,2.655809303374162891e-02,1.076816259941375808e-01,5.656383396539670094e-02,1.097638006353261197e-01,8.472233670437478992e-02,6.415829151880050873e-02,3.013533643035836568e-02,1.933185325988554082e+00,1.672312700245982775e+00,1.951559369890693230e+00,1.812209287148399461e+00,2.232398588181535359e+00,1.889490827830958342e+00,2.321143878506200409e+00,2.306211030922443950e+00,2.070915175360199978e+00,2.093240624703850639e+00,2.345169388098487406e+00,1.920287457778370177e+00,2.023680513906576550e+00,1.788673069954604733e+00,2.142533532346500458e+00,1.877683442176420137e+00,2.327579609335512778e+00,1.802516155909642093e+00,1.827080231842790781e+00,1.880741433986925060e+00
1.188566962462623000e-01,6.742815866354635868e-02,2.266549076231100593e-02,5.086469788175546070e-02,3.110066447740333223e-02,5.602063915639195202e-02,4.414060539188148502e-02,3.974050159398684334e-02,4.022067432446281565e-02,4.016527103532915866e-02,9.280641862270051778e-02,5.158963941721241009e-02,9.947653199505603061e-02,2.157423839140438018e-02,8.373772636177613526e-02,6.027249958111813299e-02,3.693319920751052254e-02,9.181588824216309341e-02,3.564059726270293882e-02,1.185267077155873899e-01,2.193146077601957789e+00,1.678099798185649805e+00,2.298721560619856330e+00,2.115321421812549119e+00,1.984563724799326412e+00,2.192348091630702100e+00,2.090019273842458336e+00,1.962533589278633084e+00,2.293188570541553783e+00,1.791582855836851618e+00,2.333934435758762138e+00,2.122562884119338911e+00,2.231336898729067819e+00,1.693766039083984154e+00,2.028650728384289614e+00,1.779414469241337171e+00,1.689463138901810657e+00,2.124447910334096079e+00,2.045349822337226176e+00,2.157049304740592977e+00
3.769826841196982636e-02,9.719578207837199779e-02,1.050715844011621825e-01,6.292497839383785763e-02,7.922530119128261272e-02,3.830069771264303646e-02,8.175166258218782844e-02,1.189256350539153184e-01,1.075461603382400072e-01,1.085130401556993890e-01,5.972267400809670723e-02,6.043688548640037406e-02,7.984563655435332474e-02,6.284176410292492687e-02,7.133476549602708883e-02,2.565417325948286462e-02,5.918391072422543586e-02,1.104624850961573312e-01,6.819222167388397371e-02,2.299226849415424850e-02,1.700460705517318427e+00,2.219380272060052839e+00,2.159271375119287129e+00,1.661714375581096359e+00,1.877714488887192168e+00,2.156047157581566953e+00,1.982208394784889194e+00,2.009851333390364037e+00,2.069570907684616934e+00,1.814335149543633507e+00,2.143547591104162819e+00,2.019509686231374612e+00,1.846192261040366045e+00,2.307560984439321672e+00,2.365568213907726314e+00,2.329378215577177613e+00,2.051291286251786694e+00,2.305070986184187376e+00,2.397763323533668611e+00,2.204177266513049460e+00
8.570935200865779924e-02,9.374244393277979259e-02,4.605623799075006519e-02,7.823300299504445943e-02,1.198513340411374861e-01,3.660606886960704465e-02,8.959057261430435071e-02,8.008350917242249012e-02,5.090459781258872829e-02,1.017401496359303520e-01,1.077853557628001974e-01,8.495396053273544801e-02,2.330073696649255510e-02,8.705844920009143950e-02,8.256428924901089428e-02,4.671383309346779922e-02,3.198845543210487169e-02,1.155102920010094014e-01,6.456249260245361388e-02,5.491039280470892681e-02,2.233495098376058419e+00,2.286504148349371768e+00,2.110231372168700936e+00,1.933622132672824234e+00,2.178328525796268345e+00,1.827541002690127092e+00,2.075855567626292864e+00,1.684822915402249155e+00,2.196043784926862585e+00,1.759399190855392758e+00,1.988362803912022914e+00,2.059901649125714496e+00,1.752615443294878617e+00,1.764802822693483764e+00,2.070021956006605102e+00,2.223051502699715520e+00,2.375642641735582039e+00,2.252864292874669605e+00,1.663532066948888000e+00,2.024645494048877392e+00
7.181149054683835797e-02,7.698557599043913402e-02,5.492187671877793442e-02,8.776854603968807511e-02,3.627178486356623377e-02,7.689307205354159458e-02,9.204522539631765365e-02,7.660854246572475212e-02,8.862106992259426164e-02,1.158043675704361342e-01,1.000402476575148053e-01,3.105812680811815066e-02,3.959038863545915471e-02,4.890008588511064735e-02,5.642733433816574107e-02,7.897135001408557564e-02,7.934708437108990708e-02,2.600160738321994139e-02,1.190598968087207138e-01,7.359900697424884286e-02,2.266996204123503666e+00,1.847788972922594919e+00,2.224397734550538797e+00,1.667144191615149484e+00,1.605795536540379764e+00,1.832532876224878482e+00,1.916380654365123393e+00,1.677007359901750760e+00,2.149363519510179010e+00,2.340007299748348757e+00,2.168683668615423166e+00,1.961424488056314530e+00,1.628606362935183460e+00,1.870589547308771916e+00,1.668709931221821652e+00,2.071287462957922987e+00,1.804561708236483764e+00,1.615176648501299717e+00,1.987147252041006062e+00,2.211941053569336901e+00
5.570797799905112535e-02,6.846919554020240717e-02,9.284268826975487776e-02,3.266030029030950882e-02,5.029833657110158174e-02,2.042141819452212778e-02,7.079368571225408413e-02,1.140412074398369918e-01,6.502177308522771870e-02,5.193206971143170259e-02,2.596128191792693163e-02,5.503561512054135074e-02,1.009218329275713283e-01,1.031846694388430519e-01,6.221036178134539685e-02,7.218262022991886462e-02,1.199139221500147290e-01,7.246474402120740843e-02,3.883601388033679214e-02,4.349522660489202330e-02,1.790036346402010592e+00,2.318607838993530290e+00,1.655770852990642528e+00,1.610095425545625680e+00,2.051783962533430650e+00,2.369238290344712006e+00,1.837280305378349299e+00,2.391560335445706897e+00,2.064419166079547896e+00,1.709703279981257928e+00,2.303612956730599848e+00,2.254447365292669758e+00,1.703763023185873804e+00,2.021118691114700550e+00,2.118575719385430656e+00,2.060079671248496336e+00,2.036293319231106125e+00,1.655575729006173891e+00,1.856608924919414427e+00,2.375424788821246302e+00
7.636713302517540713e-02,4.738298057943543529e-02,8.623679992828803265e-02,6.894174813709420813e-02,5.201238434597510452e-02,1.167891751595744598e-01,6.984476001051850846e-02,1.088122872109664740e-01,7.019393786014445358e-02,4.836081140499165487e-02,1.104000797312087584e-01,8.693811309617285876e-02,8.768045343629386756e-02,3.404469847913448727e-02,1.198586619122027352e-01,3.969969359001573189e-02,3.039502769872044763e-02,7.060476004413918094e-02,8.174286620391033042e-02,4.613192420156911333e-02,1.899112170442462721e+00,2.041235228587177097e+00,2.176039150341687822e+00,2.250904310600692071e+00,1.751782760972519615e+00,2.087871644827203443e+00,1.964152016021420089e+00,2.257795444094337967e+00,1.679975673459269014e+00,2.095573522149705603e+00,2.316678645037391959e+00,2.095668143005009476e+00,2.045039249948480631e+00,2.040144253936751806e+00,1.759258963365867956e+00,2.033382152969247070e+00,1.888450461189064011e+00,1.780305062342433908e+00,2.396081669946916737e+00,1.664806077346686175e+00
6.551395227241257890e-02,1.037166533875648888e-01,7.668698074612809168e-02,9.542078086475024035e-02,8.205594819431041853e-02,2.028659541736175728e-02,1.015205579947592585e-01,4.787869970635769135e-02,1.088026656161399652e-01,4.087501932150250372e-02,2.353741920145828101e-02,5.283363794447788753e-02,5.197508324620507547e-02,8.555996964124266968e-02,7.920397162273087877e-02,6.215278138233540361e-02,8.930883362176254836e-02,5.964442493401649059e-02,1.006172875218065837e-01,5.013464171061902258e-02,1.648224870275759812e+00,2.266409476779893684e+00,1.618925434287546317e+00,1.626383800924900536e+00,2.164228262295965877e+00,2.081459528551957039e+00,1.796708672286126740e+00,1.620726041864098743e+00,1.785093343903086049e+00,1.987148072501874418e+00,1.789650514252645541e+00,1.977684131495929698e+00,1.703037751131486477e+00,1.638288575756172039e+00,2.353628450159156671e+00,1.874847379204894082e+00,2.101688231737726120e+00,1.621339567703642182e+00,1.775916562336604221e+00,1.621656245092774951e+00
2.150270693169844052e-02,8.344271270442595034e-02,8.382664201227445211e-02,5.605293830688526380e-02,1.026034418721946395e-01,1.111130534146922560e-01,2.715468435387772758e-02,8.647137727033880894e-02,3.760473141044207157e-02,6.316838924957432488e-02,4.577534742720899136e-02,1.150314713696141550e-01,1.195566815847905889e-01,6.832575805889343212e-02,6.912836211941904285e-02,2.072054623159628670e-02,9.331917186537941333e-02,5.027362696420970695e-02,4.999514722830098595e-02,4.907372027252465685e-02,1.968976720159131055e+00,2.167002592779085912e+00,1.664168113156808015e+00,2.198111167493155271e+00,1.909602518279537087e+00,2.120426746554876729e+00,2.364124735024740076e+00,2.358752406808888757e+00,2.361273743613610421e+00,2.182728164352311762e+00,1.798190127716810638e+00,2.316468819161371151e+00,1.746754151875784089e+00,1.648541476019030227e+00,2.076080857187904360e+00,2.047233836475667701e+00,1.990107525309564362e+00,1.626887511517179030e+00,1.972217451949459299e+00,1.805087671930725834e+00
1.046507202167106659e-01,2.015963814630121129e-02,1.014328688123579542e-01,1.170970190606454159e-01,4.856116289022093663e-02,4.965212911586923406e-02,1.066696854336558198e-01,1.089939839318175979e-01,5.271735166622847080e-02,1.047230196880087894e-01,3.171036096850320812e-02,3.613557428991126530e-02,5.042560602274689940e-02,8.487497694678702853e-02,6.602686653946707174e-02,9.722123779056730808e-02,6.395484527116934714e-02,5.048724849384193109e-02,4.032473153346938233e-02,3.045399856895265878e-02,1.746213877841048534e+00,1.885310039118210046e+00,1.924176954164129372e+00,2.039067560784414201e+00,2.007094844455898475e+00,1.888565915522391281e+00,2.116958175563415701e+00,1.713762110460737453e+00,2.021588594187295307e+00,1.867279621631250386e+00,2.133070903763322868e+00,1.775215276184853641e+00,1.712713406673503469e+00,1.861639126348955564e+00,1.672552381608356065e+00,1.766295889650553397e+00,2.168358146162903566e+00,2.329943432655783297e+00,1.903680525956173097e+00,2.356624291738055099e+00
4.285050981892260524e-02,3.480319797842416213e-02,3.723505974181667844e-02,7.112429621135467339e-02,7.137477508601300369e-02,3.618398336482075983e-02,6.960541136656651917e-02,9.181943663742191120e-02,6.493067018012319003e-02,2.399028370084724249e-02,8.358111108026482217e-02,6.214849534649680152e-02,3.754995586229610549e-02,1.015202317618387473e-01,5.704660214861269341e-02,7.741549040256220926e-02,2.778554182867554526e-02,3.567456723604475743e-02,1.193499918919411068e-01,4.629440374723631235e-02,1.741379339739224985e+00,2.231769859051965454e+00,2.271750134322577885e+00,1.813383147353775371e+00,1.666503046474790084e+00,1.600630596770719505e+00,1.709204839449312896e+00,1.954360536485217015e+00,1.957001335237544826e+00,1.841260218805108151e+00,1.753489904462020244e+00,2.283989399603073789e+00,1.923736091377565849e+00,2.127574508735959213e+00,1.785074593388116249e+00,1.947136939998260541e+00,2.011829164819803673e+00,2.390500178926476593e+00,1.883207481826057794e+00,2.135717720627897442e+00
1.009267867770632654e-01,1.134334951527166402e-01,8.586046794488490230e-02,1.019394530132325671e-01,1.008375381709498697e-01,9.420336823312827623e-02,4.514518102013231199e-02,8.901208966331240757e-02,1.020596147056173908e-01,2.732605274215178792e-02,4.436374454388192223e-02,7.212139970779354869e-02,7.966195358508722235e-02,1.194938997719581092e-01,9.433222274362261517e-02,5.946332498642145636e-02,8.719686744221552543e-02,8.810763761187583032e-02,8.458154564994781188e-02,1.049398592287775489e-01,2.241954202273665153e+00,2.005279915226753307e+00,1.649940277867139038e+00,2.263159952363344551e+00,2.396283651654927738e+00,1.602753887334284588e+00,2.249816192183301311e+00,1.614494740697130393e+00,2.031188320986111684e+00,1.844242716860594822e+00,2.169015773947195136e+00,2.268468988104962669e+00,2.346804427978242735e+00,1.790310692942937765e+00,2.219328352550950179e+00,1.740961475099972233e+00,1.787664420627242956e+00,2.229538791821366939e+00,1.623602951550668916e+00,2.260097111475114051e+00
2.987526691868098994e-02,2.036593233804057448e-02,2.120008719547697429e-02,8.780254815600486984e-02,1.091871100744048195e-01,3.716498198248475993e-02,4.802453370588464360e-02,7.475543559492772716e-02,5.160516821134136789e-02,1.053478659822607438e-01,2.038018764406768560e-02,7.015754885462224810e-02,1.034544001491264908e-01,6.227015782023352652e-02,2.308473410000660281e-02,6.667025779785901163e-02,1.045909232922447030e-01,7.306441126458973478e-02,2.368845272015303316e-02,2.061752425828459676e-02,1.826080468579559524e+00,2.085030965957676230e+00,2.119179573546312589e+00,1.892714061031038675e+00,2.319842838322538459e+00,1.687886582896313659e+00,1.916406399142963179e+00,1.816062759039412278e+00,2.035955081802064193e+00,2.380167375307252975e+00,2.287746950048036076e+00,1.703067546588221015e+00,2.192284829318495110e+00,1.709811124750226563e+00,2.144940941071149076e+00,2.101127460482268283e+00,1.776387125468107842e+00,1.828327096025958109e+00,1.669981488097441957e+00,1.804307366341175944e+00
8.773243676923993262e-02,6.743452184648358883e-02,1.187879753248882453e-01,5.565969748800919659e-02,4.353558144747652486e-02,8.767945536034897624e-02,3.785215689470932537e-02,3.177861516252425411e-02,9.645336152284049447e-02,6.750917423190169742e-02,9.183201501010800072e-02,4.712701661317020285e-02,4.799702007210093768e-02,3.958410741463541660e-02,4.817977743823059072e-02,2.646703700271192672e-02,1.054528533557402420e-01,4.544471084155170953e-02,1.140333826491124747e-01,2.925599099802136949e-02,2.192584804396440212e+00,1.784778132670418405e+00,1.603827044618090447e+00,2.079541082903659799e+00,1.785339596621362324e+00,2.378800856078757242e+00,2.031327598536855294e+00,2.399552369508190175e+00,1.839287901117218516e+00,1.814662829696388480e+00,1.875135859742570021e+00,2.028565268228928797e+00,1.667426103376964619e+00,1.773583890644887529e+00,1.901650811225616522e+00,1.817130279036623275e+00,2.378783546695644624e+00,1.905814048421056839e+00,2.184666588584128988e+00,1.801201913632314522e+00
3.712044512401202478e-02,2.787322874518284588e-02,2.143586375106087266e-02,4.985880677753341816e-02,7.401924581702215566e-02,2.624860071962605013e-02,1.195110697315488746e-01,9.808991465952811295e-02,4.114401442441661255e-02,3.334700273494011630e-02,4.375902848336942624e-02,5.212708997218384877e-02,2.696936383231174697e-02,6.378954751968980708e-02,3.244983262081246878e-02,9.135986011554293740e-02,1.184347277547168897e-01,5.272281823480486074e-02,6.904966571454430879e-02,5.240123304610715127e-02,2.385559894511353196e+00,2.119765830544191321e+00,1.878451330855796186e+00,2.204975777363006539e+00,1.789300783944704598e+00,2.261717201340185390e+00,1.660156167198190591e+00,2.091984760346885075e+00,2.111679399390882228e+00,1.929512704863921346e+00,1.757626118288973416e+00,1.653163068545496106e+00,1.896222379947662073e+00,1.748409892543123956e+00,1.751529412487867088e+00,1.921706220320582803e+00,1.691468109539909115e+00,1.679390397397951373e+00,2.317079177845714710e+00,2.107010440208823887e+00
8.797460632367958000e-02,6.267808528843213378e-02,8.286448804171006599e-02,1.095645513341909488e-01,3.817521826057526657e-02,3.848404784658945865e-02,1.173054026242883879e-01,6.620864161686497440e-02,5.388954710312003626e-02,1.093299177617950563e-01,7.896198837441684160e-02,4.317494649126450007e-02,1.121366392594331379e-01,1.083918176599557720e-01,1.130742502699588758e-01,2.893101606647266455e-02,1.012885174561618390e-01,5.573556235463848763e-02,6.978749521499573449e-02,2.334336904117879918e-02,1.931088427678483654e+00,1.604894082161760771e+00,1.832881943604644626e+00,1.818574976315391112e+00,2.029588820488461565e+00,1.906769254533934754e+00,2.131101227567972156e+00,1.716152531235125123e+00,2.244041109158453118e+00,1.978165342606749810e+00,2.360386919011184581e+00,1.882127341685242872e+00,1.720876845850860315e+00,1.982464871092753933e+00,1.781653856945124348e+00,2.125713793867981760e+00,1.700972384821558325e+00,2.399679811727430057e+00,1.699238668259557272e+00,2.016852065237128233e+00
3.026398923875000396e-02,1.105004648389485700e-01,7.013278001007502982e-02,3.700484581275532980e-02,7.638754016417251269e-02,7.581633932798130526e-02,2.967756565012450928e-02,7.200468171590292121e-02,6.141265746622653898e-02,6.351505247860932124e-02,8.184433683317721142e-02,1.068166968728990335e-01,5.979547076140744044e-02,7.998274822263569395e-02,5.010667410557451129e-02,3.888793793599425175e-02,3.022895428623026404e-02,1.039443431353303804e-01,6.934319139116378039e-02,1.173543534131249733e-01,1.745014509988383367e+00,1.876186333832561282e+00,2.243572319328276610e+00,1.776343976234178834e+00,2.363560229799491097e+00,2.272427787907962404e+00,2.118400029268506124e+00,1.743624320900332370e+00,1.832349521697933747e+00,2.341514802466230005e+00,1.884424594064267211e+00,2.252242397139556207e+00,2.212085389627437060e+00,2.018435794087208190e+00,2.141626685213437575e+00,2.330718468092793039e+00,2.378655629736087018e+00,2.004147705831317072e+00,1.735861983423817811e+00,2.077316290697381884e+00
4.505437767103881441e-02,7.344203314362299229e-02,2.342257311177843582e-02,1.169213204255679373e-01,2.155576079749272136e-02,6.250934187895651473e-02,8.317248914934091686e-02,7.216422620004840638e-02,8.850176724545752438e-02,1.076818492352825535e-01,1.174012339306179931e-01,6.199142403987317751e-02,9.783735774441194855e-02,9.566262130001537689e-02,2.468866093422188851e-02,8.823893364613874524e-02,4.884608837104888190e-02,1.110550609298025793e-01,5.297044958795875391e-02,8.246873570152549182e-02,2.300636900034596977e+00,1.757309386818086683e+00,1.849744941161469258e+00,2.032080917492538941e+00,1.687311859659195390e+00,2.109148484182211458e+00,2.115462808436102460e+00,2.065148586695185973e+00,2.009951544358522302e+00,1.861658429402208048e+00,1.687794153364226002e+00,1.792449594866440954e+00,1.618732755835050163e+00,2.097460790008319975e+00,1.982211697059085287e+00,1.821099588787541190e+00,1.750586389565797374e+00,1.735065253716315592e+00,1.663546284089453042e+00,2.012641831074222232e+00
1.151184616337473376e-01,3.033512819608561936e-02,3.204267031849588471e-02,2.809370209790705217e-02,7.013640634858896161e-02,5.596067739974568134e-02,2.214443829966933688e-02,2.773321224423179118e-02,2.810057679163316391e-02,1.110792050426989419e-01,6.117992917974984790e-02,5.505870577280590206e-02,7.016461141852400885e-02,3.868592413907843974e-02,6.984551384427464815e-02,1.153173417263966272e-01,2.801301805357382657e-02,1.163595395541123095e-01,6.538794360965070884e-02,5.275543582494771067e-02,2.121191221257012316e+00,1.944542481690054059e+00,2.277465093356682235e+00,2.148507757673073559e+00,2.171492462701440029e+00,1.629708721840087637e+00,1.773655534381637366e+00,1.717668278500388723e+00,2.211065767937895554e+00,2.397979948385716931e+00,2.214454017966651200e+00,2.293719598234228219e+00,1.789779756763928642e+00,2.390716747573174317e+00,1.979189787339924234e+00,1.706894109228234147e+00,1.794301539473404761e+00,2.318857272671962289e+00,1.644493349060565102e+00,1.995159498267188303e+00
7.473707060830707405e-02,1.198927775594012674e-01,4.409937915039126299e-02,6.316157420698249869e-02,3.190166047554639228e-02,2.642333396867701384e-02,5.067585247605894960e-02,6.275212257664006255e-02,1.167208295962107040e-01,5.256506056546422778e-02,3.457559168408731731e-02,1.071565662996120383e-01,3.806524452465575442e-02,1.093684073060969542e-01,2.797980041743728871e-02,8.570269693545777556e-02,8.004496038566318028e-02,6.355497707670818008e-02,1.080966400006108108e-01,1.184243588758225468e-01,1.979810062889046929e+00,1.832812946530979037e+00,1.615793940776526050e+00,1.903291890135692332e+00,1.776511778661124863e+00,2.105624180440039073e+00,1.681016508049058000e+00,2.301597521391884449e+00,2.332459721115550444e+00,2.215104461920254675e+00,1.986771669867231083e+00,2.353876804407915024e+00,1.943778705576945542e+00,2.282942783582586621e+00,2.236757219356019455e+00,2.335206691511270360e+00,1.925594259211960813e+00,1.631319557712452406e+00,1.986948118953357545e+00,2.230737596648381782e+00
8.619492476086668131e-02,8.599600880017943538e-02,9.188808286800234648e-02,9.525101216148584848e-02,7.380934643697345532e-02,7.742493123989968584e-02,1.107345199410773307e-01,7.608871965765436063e-02,8.681496579801935287e-02,5.960509509288856866e-02,1.164751183530916973e-01,2.769529042152680046e-02,1.110156542212819841e-01,1.013118197978555429e-01,1.136438677345472936e-01,1.125302084004031478e-01,4.958861182849469418e-02,2.164818621795964668e-02,4.175345229483173881e-02,7.125183245508753815e-02,1.935957070855669038e+00,1.602513721483348696e+00,1.629860629449268128e+00,2.134506180116761964e+00,1.717093278807146906e+00,1.766699843472907983e+00,1.927100309852643134e+00,2.388530124699483004e+00,2.001980672737363687e+00,2.063687317070574512e+00,1.667515262173920432e+00,2.384981838484355521e+00,1.655751351513040426e+00,1.913304464086333478e+00,2.131621224630864120e+00,1.828520226256473258e+00,1.733759188647483906e+00,1.876262652573753575e+00,1.945530332269734375e+00,1.866703208675635661e+00
9.877336576302708782e-02,9.148742944540171063e-02,1.127498903731282004e-01,6.121199020043575911e-02,6.838604493016833819e-02,1.095748859764032468e-01,8.947536749639865838e-02,4.904397476971586456e-02,1.035079522908553956e-01,2.131412169216277339e-02,1.119389051481057273e-01,5.662491873913497176e-02,1.136263022825843988e-01,7.303909444203934842e-02,5.775036863262669740e-02,9.918700788769685417e-02,1.063899505056803835e-01,4.968353804322452050e-02,6.019593449456696332e-02,5.262209602439694989e-02,2.095939958967288241e+00,2.099172300296030524e+00,1.920849361093157626e+00,2.107865694993430239e+00,1.837115272685599487e+00,1.679615808319672166e+00,1.618341564195763693e+00,1.836883432589820009e+00,2.323893591644734080e+00,2.303574174704803301e+00,2.076669762399444341e+00,1.831347644689257148e+00,1.971287499213121519e+00,2.288066983535976817e+00,2.391663190580913145e+00,2.080033293860065413e+00,1.796366030675332848e+00,1.676626845235036800e+00,2.078818571579719610e+00,1.696974916774036446e+00
1.162478512012682652e-01,4.934148495847327093e-02,6.668020812266933772e-02,5.043378921726464348e-02,1.068602427056169757e-01,6.298425066036456021e-02,9.076890162972149623e-02,1.083202525912306952e-01,8.837663282590797753e-02,5.467828258646810491e-02,8.934343415288337198e-02,4.958526642424013198e-02,1.027270970733265010e-01,9.220492572310455548e-02,6.555179823931070460e-02,1.030664766969629637e-01,1.099142171573161131e-01,4.415569346907943782e-02,6.025950558670051249e-02,2.366246133658034614e-02,2.044047915346423494e+00,1.746130566922624583e+00,1.829600555020039598e+00,1.766077152718895649e+00,2.231718218328203385e+00,1.617781524422597483e+00,1.950849554354584958e+00,2.352671913157942996e+00,2.033280720083121107e+00,2.218243841379894388e+00,2.337060006298318449e+00,1.872005477507550086e+00,1.737807627150444345e+00,1.829280276159756191e+00,2.384200468772147641e+00,1.605654527738619830e+00,2.012202770156382492e+00,2.373264621553021314e+00,1.758218601287819371e+00,2.037643901380420175e+00
3.216543971171409444e-02,5.620132883785350364e-02,3.353956755495390851e-02,9.937525717126775848e-02,1.015677363557230678e-01,1.001417784109539105e-01,1.099999220476015893e-01,6.029789510098111649e-02,1.165248527285166757e-01,1.135000428608652356e-01,2.877344343700705478e-02,4.166828648657178169e-02,1.059024462190455151e-01,1.099816839905922994e-01,1.080207858686335065e-01,5.397113013582646723e-02,5.172450965187400107e-02,1.022263445035476587e-01,9.649845587873259745e-02,9.782585106567785738e-02,1.852688044187686067e+00,2.066269090339412529e+00,1.872603430211377429e+00,1.795097363648106237e+00,2.077023548568166955e+00,2.235329549278474381e+00,2.129325384418772948e+00,1.647603384358535594e+00,2.315726282924972512e+00,1.899075127640520000e+00,2.005259776840241148e+00,2.323854452349793487e+00,2.023904619541731620e+00,2.123118703374011318e+00,1.722748103801558850e+00,1.901350473728559365e+00,1.828111520373588261e+00,2.108480571330392905e+00,1.737827746870843848e+00,1.971138771458085026e+00
7.657890963364782921e-02,3.389419361228221406e-02,1.076553701166704929e-01,3.735409148211479846e-02,1.089313244887431115e-01,1.109322863231962802e-01,2.320498415541656645e-02,1.172982808181384645e-01,1.122210060053824426e-01,9.227348850380916179e-02,8.589573571161983334e-02,8.214765815614064048e-02,3.380648513623257106e-02,2.991323664925361892e-02,2.816635422504047345e-02,6.237170553887173841e-02,5.688692195999843493e-02,1.041317616151403030e-01,9.429342158460744805e-02,2.930148964758713670e-02,1.635349583597057510e+00,2.255540223990950999e+00,1.709648507839246045e+00,1.986538406820764546e+00,2.370219075570130229e+00,2.122610834538661617e+00,1.806786147713707935e+00,2.271869385396220853e+00,2.267572913701596971e+00,2.391968215565226874e+00,2.126254146671638257e+00,2.153863111449288326e+00,2.156386960746956127e+00,2.300384556644843759e+00,1.993147536684206633e+00,1.622296304721990712e+00,1.998161460245719168e+00,1.671708734708961419e+00,1.633705632076000391e+00,2.135425479958211081e+00
2.035283264263395078e-02,2.284795101982495594e-02,5.551416665244285342e-02,6.678473035799113722e-02,4.838502753617769658e-02,8.399527277053361884e-02,2.683432399641579036e-02,3.448804121844474546e-02,5.802894313309524266e-02,3.648120505350255227e-02,1.008282062415522262e-01,1.074450798120550471e-01,5.430810799601791528e-02,9.906056098215701433e-02,6.061147211980516536e-02,1.066023096310854956e-01,9.386386625690056051e-02,7.786619680843136215e-02,4.567984774128053260e-02,7.469186516835105150e-02,2.010506779152302581e+00,1.960320185149866390e+00,2.318486974173624926e+00,2.340922405581927102e+00,2.203115171467955324e+00,2.069578228953128818e+00,1.902952296821087241e+00,2.360585882468269503e+00,1.985307483695160302e+00,2.360269752605346660e+00,2.080442178146738819e+00,2.352290813499692490e+00,2.261046197268476110e+00,2.076357543224819135e+00,2.380210698220858401e+00,2.357937736089914527e+00,2.281455765452979456e+00,1.949852120463922756e+00,1.999970428130663613e+00,2.355776469292631514e+00
3.158775472544191054e-02,9.355614183618998769e-02,3.389217256263563766e-02,3.550191351697582626e-02,8.341445485856520403e-02,8.936014388025882715e-02,3.633531159944712596e-02,9.444903325985587461e-02,5.024576361941339442e-02,2.145533203298541358e-02,8.115387793399989058e-02,1.168268867281580248e-01,1.043894796877661846e-01,6.491671352726365030e-02,3.512269502877779503e-02,6.810051013542305076e-02,8.038477355303978722e-02,5.117754091406841177e-02,7.155382330475043573e-02,1.155117847682462368e-01,1.602090861203022687e+00,1.831111682388933515e+00,2.060450325731903565e+00,1.628251838078330849e+00,2.143000339351132322e+00,2.397901005074072778e+00,1.650436188012447181e+00,1.660234858320103646e+00,1.818089230607113471e+00,2.030007554199655839e+00,1.911452113999910774e+00,2.399932398405518086e+00,2.059923709770535183e+00,2.155059345665465198e+00,2.273650453073219779e+00,1.650796524304061652e+00,1.667749689993959228e+00,2.180410197980436671e+00,1.796212447105792975e+00,1.878637752865567778e+00
8.940882637415940859e-02,5.379527295553376831e-02,1.069750275759118741e-01,4.906895568657415607e-02,1.139457032989750068e-01,3.517820149072237168e-02,9.836801464217598268e-02,1.122390171493077848e-01,2.186514575947854852e-02,6.948710358691548294e-02,9.815268841872976102e-02,1.109308402222121404e-01,1.024435768116467582e-01,5.477703362877910098e-02,5.510602346560966591e-02,1.001951993658266316e-01,6.913530519328350832e-02,9.172148002685301393e-02,4.407585534769259406e-02,2.574648858692163769e-02,1.836656739053871723e+00,1.946471675615759622e+00,2.053000958736202364e+00,2.031696372826008457e+00,2.181113040984794527e+00,2.241468667624444855e+00,1.912653956697621283e+00,1.719726839042069688e+00,2.311695645978704583e+00,1.758367657769367876e+00,1.730977893837872372e+00,1.737426007877038048e+00,1.871051662773318469e+00,2.052899782424364883e+00,2.357834124006383369e+00,2.215376248741108611e+00,1.769155480890440613e+00,1.651554612198284033e+00,1.722062327292917194e+00,2.031839766946332393e+00
8.902274287560442423e-02,1.125863285352718679e-01,3.607737516581230319e-02,4.244126008551168949e-02,7.503955449998242488e-02,3.433810521210381439e-02,9.736447720364858893e-02,8.549262926729846168e-02,9.531880681979433556e-02,3.538680033270349967e-02,3.568124061621695542e-02,9.393992002927574470e-02,1.029835163132360315e-01,1.121565593544797818e-01,6.875692121511065014e-02,8.696461950055370260e-02,1.089503516556748902e-01,9.193425152058380678e-02,2.948409440147839455e-02,4.976434068142058381e-02,2.201992744516876765e+00,1.958722993793652112e+00,1.651128399480835895e+00,2.043144198013250534e+00,2.007399317406771022e+00,2.099725567020886974e+00,1.974999921061904917e+00,2.299634070583861600e+00,2.300130133336397709e+00,1.622642103393491686e+00,2.294867472511313178e+00,1.896662919405511127e+00,1.923406481606880991e+00,1.898560144563323338e+00,1.660295190361243955e+00,1.754824114137664370e+00,2.173062831938135986e+00,1.962232209076475886e+00,1.991883014598834434e+00,2.337148835079616127e+00
1.187631249615185430e-01,6.362550532365345013e-02,2.143378931951024982e-02,8.308294501434808355e-02,8.453006103827125084e-02,3.087594220490142219e-02,3.110465770275258612e-02,8.553998813948614222e-02,8.202067625266382112e-02,7.816152447778974832e-02,5.913880803522231222e-02,8.060717336514151843e-02,1.041358815980757135e-01,1.186861553830953070e-01,3.060847156119586576e-02,1.025721531512774759e-01,8.433805891247038444e-02,1.111272167926371235e-01,1.090528364851330173e-01,2.683007828394848304e-02,2.132639379327242679e+00,1.639635611492550993e+00,2.129270326666150126e+00,2.114152710339324059e+00,2.065056565111541786e+00,1.826691697406027215e+00,1.614366613053304533e+00,1.908352930475614162e+00,1.600183538903015013e+00,2.038094352200499948e+00,2.063550583124790450e+00,1.695160142350732535e+00,1.807935122814595008e+00,1.979676176298611256e+00,1.704796990064689988e+00,1.841629334613898550e+00,1.689473773053021821e+00,1.856911983516492226e+00,1.951002078366765424e+00,1.987688802125722631e+00
5.953791302509939265e-02,6.146036970558414747e-02,6.022196778603970679e-02,1.192466834711063683e-01,8.578198719639260061e-02,1.006494446951680943e-01,1.025191911482313672e-01,7.920499311670842202e-02,8.738786794109137945e-02,6.706300826324844422e-02,3.788487075024853795e-02,5.249576681583693893e-02,4.079585638361846178e-02,9.473054299684344204e-02,5.566811653250780534e-02,1.193112776426777377e-01,8.865319422340996180e-02,6.695916867672674355e-02,7.258620147409761136e-02,9.541544111011053542e-02,1.880229274163081721e+00,2.114517376211036748e+00,1.692921345419611923e+00,2.300276168241361052e+00,2.133675446963926081e+00,1.664423716556981292e+00,2.363407051418854099e+00,2.302715792826579122e+00,1.932646994550847097e+00,2.172185002364111384e+00,2.259643003851020016e+00,1.607979183448909888e+00,1.880095890213948184e+00,2.278582847961043267e+00,2.155054618205614059e+00,1.789351891979328091e+00,2.109694417797487009e+00,1.885761711967054222e+00,2.207224407813042966e+00,2.068184703225885990e+00
9.060310487829424664e-02,6.527076367038381344e-02,5.312207571382049354e-02,5.908759112292555349e-02,1.000618979223227012e-01,9.833294256549854340e-02,5.505232603813875469e-02,1.196407408529228805e-01,4.956857676130267676e-02,2.398002572133185739e-02,6.853817590951598315e-02,7.257875267271472752e-02,7.935130633901782415e-02,6.738739660005364784e-02,1.033082436213507843e-01,6.312951616214693140e-02,2.364642260494594084e-02,4.480230837536147703e-02,2.780694639586259176e-02,6.814218686893477872e-02,1.962653718204000253e+00,1.770830393405760095e+00,1.617452029485157095e+00,1.716458339216941686e+00,2.165175632398001593e+00,1.931155847430700012e+00,1.666380139905924596e+00,1.851367261394923025e+00,1.883636353949437403e+00,1.989623159705751654e+00,1.919317993755107477e+00,1.760345044076722543e+00,2.191898218418241839e+00,1.882641063248795987e+00,1.670781696645487369e+00,1.792169379871068280e+00,2.216849004128256695e+00,1.964692817893789911e+00,1.825101766774708700e+00,2.064649341286523221e+00
1.032436971704168011e-01,1.033038530816568906e-01,9.407223175461584819e-02,1.180196038872697861e-01,6.890116761851557137e-02,7.065340364105369975e-02,7.289412303411894889e-02,6.597456274813529031e-02,1.015638477903146597e-01,1.111793357051624187e-01,2.429254303677547480e-02,9.788261060504549471e-02,1.143763141892533558e-01,1.015102755451950806e-01,3.198275830545251053e-02,5.845574714614769352e-02,4.000509851588028576e-02,3.235380920056651205e-02,8.831511265554492507e-02,5.772233447073381318e-02,1.836199893877627609e+00,1.984032551374059761e+00,2.053940187812452134e+00,2.298710792919677282e+00,2.088315967035834220e+00,2.143554597790997551e+00,2.232474921300741766e+00,2.129171578176987545e+00,1.602624270437611909e+00,2.018865118280409821e+00,1.714108290690830261e+00,1.991787956794934367e+00,2.343073024836203277e+00,1.830426600824867522e+00,2.149812402753513929e+00,1.640710994778151965e+00,1.702489944339014016e+00,1.737309111139835549e+00,2.121022084658265250e+00,2.252922736038787566e+00
1.132477813484491225e-01,5.027891098534981174e-02,2.805983287097863280e-02,6.349167108970296680e-02,1.036767791721961290e-01,1.153406851186688231e-01,4.547399286993843159e-02,1.142732690565184256e-01,1.169692699628810117e-01,1.080976941558390303e-01,7.954684874357492719e-02,9.520727570879572443e-02,4.898034430432255532e-02,5.451840522132679612e-02,4.829935224256806658e-02,7.797740854101704866e-02,7.205282649255483063e-02,7.836560446666694657e-02,1.076211214421187445e-01,6.520155043441280829e-02,1.634148537758892239e+00,2.320292803598325015e+00,1.602374252322205317e+00,2.256103032417493104e+00,1.689933999041644208e+00,1.651677598955331394e+00,2.031502552375378023e+00,1.691925614553857926e+00,2.037400346256575734e+00,2.055020160104513938e+00,2.281695468066599286e+00,1.785317683878443917e+00,2.022455652403167381e+00,2.160380418129916436e+00,2.288933780748890534e+00,2.205026672600759241e+00,2.094517799143999159e+00,2.387111467063567805e+00,1.901203815517786833e+00,2.223514912732497351e+00
1.111123946099856485e-01,4.434039720569454140e-02,5.778751323159139752e-02,2.745228232093815252e-02,4.353655353211556556e-02,7.894803160880832504e-02,1.029923621686810037e-01,3.884753612741384532e-02,1.037046163457933379e-01,7.932547364223364872e-02,1.197923199370094227e-01,3.140758450782112077e-02,9.281191337032682065e-02,6.225723701352856021e-02,7.153905657057295364e-02,1.084491225253801649e-01,7.161119190739886897e-02,6.337025410149149662e-02,3.422759560217573244e-02,4.219395861955160809e-02,1.747048160332858036e+00,2.085174214187442754e+00,1.895860856307113318e+00,2.187390470911048546e+00,2.189357666393438873e+00,1.635128448310871452e+00,2.106324629273865767e+00,1.712215919236667494e+00,1.900306689173859809e+00,2.130353951123979961e+00,1.925213209022816008e+00,1.610676569622339738e+00,2.195464139909263146e+00,2.374850798796736662e+00,1.704273333054385331e+00,1.717870593971513316e+00,1.913449947349531666e+00,1.891678173702515675e+00,1.651536654782986613e+00,1.626435509395622203e+00
3.455146339182010862e-02,5.307352810130716581e-02,1.077827875533099167e-01,1.130152138947402018e-01,9.258608010762163498e-02,2.182764941723991728e-02,8.916084606914610744e-02,5.157994909069243961e-02,8.802712154560987656e-02,3.437505482725838196e-02,6.852019424819996707e-02,7.471821448833161627e-02,1.134360134230689154e-01,3.869268731484493129e-02,4.508974859603962632e-02,2.530808924801841026e-02,8.359772739518224471e-02,3.687760246687325771e-02,9.530335638707616852e-02,4.519125816444136134e-02,1.721362895710864649e+00,1.632361052988010819e+00,2.120411924289797412e+00,2.066975279504291496e+00,1.780215226077685786e+00,1.666493658765797914e+00,2.109437107879940765e+00,1.724070493197029652e+00,1.642811618951968811e+00,1.697054709231738956e+00,2.150756792567570130e+00,1.858466272371849470e+00,1.855646589686652970e+00,2.090697919502825908e+00,2.258632446592593990e+00,1.781297522464092120e+00,1.880956155330929080e+00,1.727480938974287561e+00,1.939341023017933763e+00,1.777938788250998936e+00
2.235729903278904987e-02,5.766341758668670769e-02,9.591731936425916538e-02,8.144633283235232224e-02,1.109601122695989678e-01,4.275322522541877279e-02,2.923447109114354903e-02,1.151414216783037958e-01,9.158329989969657414e-02,4.698471259073886547e-02,1.116027380336397784e-01,2.524873639550753723e-02,1.164205279490643646e-01,1.166798732112247217e-01,1.185969390417510316e-01,6.092639705762883939e-02,3.960197856585173648e-02,6.838420945864445710e-02,1.094729696765862348e-01,4.495221528495414731e-02,2.139590133533173066e+00,1.775862241424652987e+00,1.975155106316267339e+00,1.879617221692682083e+00,1.982300410073505770e+00,2.144845717663558027e+00,2.153525415889279593e+00,2.199618214851525977e+00,2.199651885389010353e+00,2.281817633697042158e+00,1.872928931299517652e+00,1.809717033868264213e+00,1.835146083617439805e+00,2.133831952240452079e+00,1.893864957005703564e+00,1.748764350534672385e+00,1.764906745342847305e+00,2.162559994688896481e+00,2.263918267441332954e+00,2.263219468231917109e+00
3.260940650231433646e-02,8.156130093412829185e-02,7.273493035105645099e-02,3.272891941502641816e-02,5.176717930106915222e-02,1.064585461484394702e-01,2.602338206909369719e-02,3.256630810274899895e-02,7.483169045900951721e-02,4.581971127607614713e-02,1.041622002439513139e-01,6.450544759360328506e-02,3.656804334285752855e-02,9.579340815292378131e-02,2.729125527661068612e-02,2.203858229900178961e-02,7.798592183891037144e-02,5.229165789485490379e-02,2.322435906038036735e-02,6.680492139489455083e-02,1.997182532767769914e+00,2.159634962524176416e+00,1.711026779268410181e+00,1.799016330365808214e+00,1.952143923251827395e+00,1.696916138994983614e+00,2.068998220953971234e+00,1.709668411582475844e+00,2.197250735818702783e+00,2.020068696886370585e+00,1.679855485849968133e+00,2.143297689447277943e+00,1.682495730077367302e+00,1.858706993047498646e+00,1.679842626591221411e+00,1.766532495233063882e+00,1.840606091193174976e+00,2.320249114049498740e+00,2.247975779395499529e+00,1.667033076469091046e+00
5.706340822027199111e-02,8.618537505233529739e-02,1.097288662388509889e-01,6.417285007532760877e-02,1.156558500948072776e-01,1.054576320544386714e-01,8.016706135938092559e-02,7.314227995024556728e-02,9.569595100428994472e-02,3.473762905372487775e-02,6.285048889979716336e-02,4.109703045701704888e-02,2.712015665430296540e-02,1.000880455611742464e-01,4.213628119902550900e-02,7.591765439394300430e-02,4.379567428092208392e-02,2.984155825485465541e-02,7.377648582714438352e-02,6.514780188233501579e-02,2.173310488378660033e+00,1.681948533085070974e+00,2.092488427686716168e+00,1.668356406174186013e+00,2.244585360981749211e+00,2.049254901141671859e+00,2.151380654757043764e+00,2.009866617734461069e+00,1.633474861799530720e+00,1.779329849351497961e+00,1.744250626630492906e+00,2.003798530117314680e+00,2.219456959118316419e+00,1.765067034132245194e+00,1.656482474008071248e+00,2.348971498937453273e+00,1.800463368065456704e+00,2.201958859778848421e+00,1.907920424216023481e+00,2.027818538990972197e+00
9.971631148650993148e-02,5.020778543788582959e-02,8.460899288748986724e-02,1.023994195446427530e-01,5.139619137166766272e-02,7.479390740094223056e-02,6.384768817482715242e-02,5.376249947505007398e-02,8.214049435643222541e-02,6.639176074716304776e-02,3.971853939764752317e-02,9.488283759987706234e-02,6.267499183248045891e-02,7.128595397018419599e-02,2.281480655355863640e-02,1.085575532650378261e-01,8.569465220466961075e-02,5.160214854919609184e-02,3.954576709184989824e-02,3.968560016726957462e-02,2.393352160066687162e+00,2.094287300053114365e+00,1.893578049139013064e+00,2.143226512187413224e+00,1.892323774124298419e+00,2.229787049420641765e+00,2.140751561188425356e+00,1.605669076307296272e+00,2.114499245114854542e+00,2.083288900752282125e+00,2.200543529313750302e+00,1.766792059331389053e+00,2.259593124630279615e+00,1.751818600736832598e+00,1.802167730534943502e+00,1.822759972581734278e+00,2.242592117550916697e+00,1.964088225861162718e+00,1.961794809373999859e+00,1.637238203865351238e+00
5.684042511249010055e-02,7.143972319954068617e-02,9.688340429536604348e-02,5.308873086753615467e-02,6.719273189987863548e-02,9.405874692083851518e-02,1.199408000930106272e-01,3.109440532896649151e-02,2.360536944049679633e-02,9.393167994422088607e-02,1.098001967815666335e-01,7.420346174419337193e-02,7.444657216419711676e-02,5.304809010992177221e-02,8.824127413366948669e-02,8.371400534207970590e-02,2.010123360377737492e-02,1.177667823529098962e-01,8.033644255852005756e-02,3.032527520163616486e-02,1.918288272821432106e+00,2.368703518968788835e+00,1.737522438038383354e+00,1.701420220171763420e+00,1.830606222532638272e+00,1.980846062616097303e+00,2.208676526313648303e+00,2.247236358306001325e+00,1.732228092628082194e+00,1.734621068577144598e+00,1.827969640401178486e+00,1.781503793703168581e+00,2.245171054466277738e+00,2.124515665423910793e+00,1.752811431869115921e+00,1.907600693537023773e+00,1.858619892229550707e+00,2.060574587494967691e+00,1.963845283557847043e+00,2.260562069665332796e+00
9.650344222813210526e-02,4.099188022058856268e-02,2.844561363208297083e-02,5.468789846907473606e-02,2.318996376332131334e-02,1.064515576431058624e-01,5.479363379672445855e-02,7.143763863000061887e-02,3.788839804540250489e-02,4.031623944458960496e-02,6.715244041096299354e-02,5.200892328924569541e-02,9.000769227358583480e-02,1.168156211166363201e-01,1.147205555822616158e-01,2.370539320867793079e-02,1.119503475636567658e-01,8.102860515862772561e-02,3.561367307993919262e-02,6.999725389902487771e-02,2.267048993565100812e+00,2.383222926610114367e+00,1.865726624727660266e+00,2.201742090451177081e+00,1.964301694560462552e+00,1.979580535064234592e+00,1.942908079333276250e+00,1.795344556101653888e+00,1.719351289552571327e+00,2.347869958327157835e+00,1.921141018592010141e+00,1.934457578850083070e+00,1.938779585889199630e+00,2.053994179435001843e+00,2.274530273080523468e+00,1.832720630065501233e+00,2.106266501949233927e+00,1.790712534516375909e+00,2.318196235638168012e+00,2.134580056657500613e+00
1.076412053656000400e-01,9.749070716094948574e-02,8.106865724380450666e-02,2.162503282979932190e-02,9.431477952646348528e-02,1.075660441720589500e-01,9.344528765902358758e-02,1.046603538586961951e-01,1.128535112055376183e-01,1.058213978838332542e-01,1.004895884851776805e-01,8.972702284647020299e-02,5.935641894750826042e-02,9.331269246209059065e-02,5.029382633980630790e-02,4.722924816086213062e-02,2.515130274090433826e-02,8.760470321905011737e-02,7.324032594968535315e-02,1.034513409716081994e-01,1.631390911596918958e+00,1.901629294660673875e+00,2.009923905503506081e+00,2.071976967923292445e+00,2.197565532696359902e+00,2.365076411993280558e+00,2.287514240445604141e+00,2.158401481619270257e+00,2.387803308543066105e+00,1.874832433298698087e+00,2.321863984362833921e+00,1.661412818452658646e+00,1.716883737955822831e+00,1.742608160785775073e+00,2.190301635126350899e+00,1.626274443479032383e+00,2.170253617168337534e+00,2.033849484304024013e+00,1.784584420757683532e+00,1.936757720273451833e+00
5.506883399784405497e-02,8.593516280367896609e-02,5.604659269280747036e-02,5.712889626446081281e-02,8.969723748143125508e-02,1.140334188285086481e-01,2.654145077718972692e-02,9.910412208510548104e-02,9.128392828795549307e-02,9.771038917970900628e-02,6.647317589211440558e-02,9.966191659085141263e-02,1.030488655265027892e-01,9.441108737684199281e-02,7.381116843128722460e-02,5.015701844102365969e-02,3.829104216019184326e-02,4.626321118954193623e-02,2.877408724109660476e-02,2.837876980675975436e-02,1.835443916394036590e+00,1.987800530092946882e+00,1.749156709900873352e+00,1.883098040897523973e+00,2.264516284964134485e+00,1.625618451288133759e+00,1.600667633882872254e+00,2.085555229086978546e+00,1.812661807778097378e+00,1.724602469555992723e+00,1.782281570517769698e+00,1.644915917354689450e+00,1.994646433639074345e+00,2.155564876809790587e+00,1.988698575335074548e+00,2.280539794270989518e+00,2.032472633717999688e+00,1.814408236578215927e+00,2.302781115623330876e+00,1.615914018453709300e+00
3.653005194076432149e-02,9.638431937791995530e-02,5.580155022477935323e-02,4.038714955789612926e-02,7.674106541259009817e-02,6.140459202079798229e-02,8.698070693195368575e-02,9.826526934982306172e-02,7.670868425041793559e-02,9.726141517008894677e-02,1.182818350574687122e-01,1.051664170454455066e-01,1.007983774786159747e-01,3.509122166868913761e-02,7.471681199929550155e-02,9.208905994613469925e-02,1.057748826205088533e-01,2.253701863140766121e-02,5.076663673295629675e-02,9.197199375391801324e-02,1.903912513899827186e+00,2.208865009405378999e+00,2.018075995644535769e+00,2.293530355016415889e+00,1.969895467141533185e+00,1.926643770365593866e+00,2.275325524562603619e+00,1.673442881970378604e+00,2.334691584094826133e+00,2.289132923491946414e+00,2.238813674025848854e+00,1.707344360601861455e+00,2.380348796836214031e+00,2.222700106602674808e+00,2.233936452466520173e+00,2.184452470748599939e+00,2.317693441459148573e+00,1.829718963066586879e+00,1.600886387500638275e+00,2.251946386891704233e+00
6.133260516493954650e-02,3.203407278894143673e-02,3.010551856995657277e-02,1.035635509807317500e-01,6.937820512310345633e-02,2.288453977319676938e-02,7.522136871345085074e-02,6.835436498593765176e-02,1.040235892524310202e-01,5.896197025754187915e-02,1.070008917993360426e-01,1.138260520299499562e-01,5.164142177781461118e-02,8.035131036340242838e-02,4.023605403245349155e-02,4.642409730047870886e-02,1.078313505644585280e-01,7.096169849393355045e-02,6.531386663584630436e-02,7.878917530126797186e-02,1.659741882638481991e+00,1.899472464372152114e+00,1.683027677201608618e+00,2.385252426201319054e+00,1.785632265359973436e+00,1.620681127161886614e+00,2.091324102413074648e+00,1.814848864342503809e+00,2.093584961090681595e+00,2.055471314738352540e+00,1.731555428335370905e+00,1.717751312265840546e+00,2.002032649139955378e+00,1.995744627009159000e+00,2.172024275116462011e+00,1.911780071265011038e+00,2.255309793542595198e+00,2.027556577448855091e+00,2.207536586130334211e+00,1.781447293752451033e+00
1.163092099897053561e-01,1.085546712064735936e-01,6.130196648165704698e-02,7.446893457470313282e-02,4.836095675251107784e-02,5.825005974127077379e-02,3.224428711243218504e-02,3.043465819647756324e-02,4.213592861323661037e-02,6.072490796181471973e-02,1.076973296320712786e-01,8.920882083501865956e-02,9.617303679210902068e-02,7.401714527072768279e-02,2.034256368265023249e-02,5.726496609241270297e-02,1.034089309334353113e-01,5.213990446892793895e-02,8.942681343738291544e-02,8.236884639199516800e-02,1.931324136106828071e+00,2.004923228513058930e+00,2.036052289098182033e+00,2.117805269393019163e+00,2.392952128930894595e+00,1.867393750974863931e+00,1.669499990030874015e+00,2.376526808607366537e+00,2.382194333935564678e+00,2.257321932253018915e+00,2.266111100543304335e+00,1.645637879510395196e+00,2.103889206897405550e+00,2.279195346658553500e+00,1.876208426986428535e+00,1.909548512172519974e+00,2.203265671740553877e+00,2.338133894432018245e+00,2.151997286010462140e+00,2.094134384740844013e+00
3.460186734422620453e-02,2.192977404299615782e-02,7.512012013795399401e-02,8.097521646336655610e-02,9.814315431933869072e-02,4.959313607893438280e-02,2.290958662715997587e-02,5.106762319046356802e-02,3.612965716749078071e-02,1.014841988416372853e-01,2.562773679517115627e-02,7.674716970720664444e-02,3.912099079673707347e-02,3.247583356095589541e-02,5.096496520958657822e-02,8.821988896593076224e-02,5.268818191493139513e-02,9.956574858351900648e-02,9.704152746385179273e-02,6.697260125280735110e-02,1.712999109760333427e+00,1.801583250332413177e+00,2.194733907638831472e+00,1.767354689049137617e+00,2.001912237932895522e+00,2.160329234178279378e+00,1.875413517798361518e+00,2.339919658802783520e+00,1.781474980827817189e+00,2.154800421973516400e+00,2.202116543406306803e+00,1.826374734558356749e+00,2.057978731047914511e+00,2.062123712127305719e+00,2.133971604134448530e+00,2.055742839873195837e+00,1.732031622825043415e+00,1.627869866077106709e+00,2.128217587066131955e+00,1.712325141017994268e+00
5.072975352135442040e-02,6.037690633467163170e-02,2.207350248032316498e-02,7.719870104065236494e-02,7.486139052211847333e-02,4.585877640203792072e-02,3.003128563900402809e-02,8.719917933618050176e-02,5.158677686216560365e-02,1.130276957342726540e-01,6.018753101704014952e-02,1.149094222821382821e-01,3.912042611048383023e-02,1.164775559281553130e-01,6.683148458309354223e-02,7.014927803204111523e-02,2.998752213169005032e-02,3.486852028503470424e-02,2.993479602260524022e-02,3.478940184499667437e-02,2.074496763881331862e+00,2.086007472703210297e+00,1.930277467444344808e+00,2.050556282290264321e+00,1.852508273219277246e+00,2.231474096126394357e+00,2.072058055339695670e+00,2.121185942757837672e+00,2.045603960672029764e+00,1.855333565221177317e+00,1.610798806935778371e+00,1.666624421512188370e+00,2.253131656372533875e+00,1.921121360316144777e+00,2.352894825234121079e+00,2.199647304876351406e+00,1.700819603169472227e+00,1.649714387238453206e+00,2.203027056456719368e+00,2.277338259121849173e+00
7.871054517596678957e-02,2.467519821811116343e-02,9.387073747594228135e-02,6.185066596926064308e-02,1.157596423971778282e-01,9.637071166536895217e-02,2.445473513760288223e-02,4.428211329958741532e-02,2.092269634442621082e-02,4.724236077325810051e-02,5.127131298388801217e-02,8.183421165362950167e-02,4.198572103403776234e-02,4.687627420587749116e-02,4.717600185957379622e-02,4.636691453154806464e-02,8.958701673490217232e-02,4.797110168639040495e-02,4.128815763327597921e-02,4.561927789101262454e-02,1.760715883065470777e+00,1.628734354513514226e+00,1.673327417802596084e+00,2.065772968578241997e+00,1.713216880269099462e+00,2.224298568965782597e+00,1.936873983210382733e+00,1.995118711624797481e+00,1.669858193373059851e+00,2.258709440378738886e+00,2.151679790993936248e+00,1.624122398705043491e+00,1.957962612584367879e+00,2.185039354910194298e+00,1.836392732855203880e+00,2.383680815955674159e+00,2.376042694552368051e+00,2.384983236092995895e+00,1.885681472785915469e+00,2.275377056982669455e+00
4.961335531403446297e-02,8.567680488562449959e-02,1.124704945827833674e-01,1.102702787657764694e-01,2.821440018462247068e-02,6.318933695266747141e-02,2.580124389122970263e-02,1.180199017617625801e-01,8.026113383715682836e-02,5.739371117554913082e-02,7.278596118494602696e-02,3.765218301476763035e-02,6.324285146754303477e-02,3.967078720314512474e-02,8.954358164995836200e-02,6.898710071392931409e-02,1.100097913929742460e-01,3.862884181243415871e-02,9.060589865026356937e-02,5.306250910732722426e-02,2.052477056800965372e+00,1.628045659746384377e+00,2.121547262435285131e+00,1.621135448204938267e+00,1.747798341665437460e+00,1.667692751032491261e+00,2.128997371921578008e+00,1.885823944570401922e+00,1.801135315716808627e+00,1.625409069408000340e+00,1.910328657310555567e+00,2.117739742993975050e+00,1.866185108897817635e+00,2.278621609832297334e+00,2.046042286933873022e+00,1.802643545893957366e+00,1.775482391573486085e+00,2.174880345790059621e+00,1.984159840592693680e+00,2.132298009110696224e+00
2.002134599186869424e-02,6.287116018844123022e-02,1.146255913311679114e-01,1.109794341046640015e-01,5.713701067246809706e-02,8.068387717850281082e-02,2.989867839317173273e-02,8.302407075881881870e-02,9.802634815641350641e-02,1.071303124219806086e-01,4.222521280357147133e-02,6.830186840459115394e-02,5.688373356270623460e-02,1.039506410223866445e-01,6.944227721296944433e-02,8.257962065200051549e-02,8.790973852281530609e-02,5.589826701151662247e-02,3.986832371503741534e-02,7.553989732466319384e-02,2.004672201865156378e+00,1.941545122256913114e+00,1.806454420080839229e+00,1.973613995648217267e+00,1.913066128479482098e+00,2.281660036780430723e+00,1.879499025987079408e+00,1.837890946906663325e+00,1.721913379183443116e+00,2.057438673439178078e+00,1.740336483848612392e+00,2.009393491698918677e+00,1.714308477616095061e+00,2.261327476263704561e+00,1.727078385736357857e+00,2.025011743931770081e+00,2.340538053728369761e+00,1.739895929046040512e+00,2.086902548266406310e+00,2.229398190645035527e+00
1.173829163985939394e-01,1.025474777718549807e-01,1.078274851026204406e-01,8.852993939580822147e-02,8.734624479312438905e-02,7.725261381174672315e-02,7.856052791656339962e-02,4.545551930824869719e-02,8.695944599519400686e-02,5.064801352183005700e-02,5.632025720737207641e-02,9.990190756904165914e-02,5.578232281346832966e-02,1.182145745726302100e-01,9.497655099096494191e-02,6.995947368693353208e-02,2.672646615338274828e-02,5.224836177467502563e-02,3.658361095386945816e-02,7.417331296865598000e-02,1.792610157884698463e+00,2.266738498804581337e+00,1.835259512250717595e+00,2.156407219333472014e+00,1.679952207326883107e+00,1.741623463171912078e+00,1.977023582421146841e+00,2.150428632149796737e+00,2.344220687204103371e+00,1.913512863257504470e+00,1.725852549827670668e+00,2.182065434832926254e+00,1.997425332686808774e+00,2.002983338028853755e+00,1.898667772854736091e+00,1.918885895268768849e+00,1.918395125319027450e+00,2.304871435827990034e+00,1.717054179561251726e+00,1.959184096155961674e+00
4.831694513327376012e-02,7.063637023826487005e-02,4.808334524633337687e-02,7.536506973077879146e-02,4.468392016045173026e-02,3.065373572016426990e-02,4.481012719441405251e-02,5.061754380639611750e-02,7.927606021252214807e-02,2.551763220554909353e-02,1.048509117213356073e-01,7.623597776635079870e-02,5.134211745126884829e-02,7.324143943438006510e-02,3.019234793005391368e-02,2.786494747546132411e-02,8.043295836969280299e-02,8.843334754073879644e-02,4.492803949472047587e-02,2.022006766874238567e-02,1.805257260323865021e+00,1.941410131535885597e+00,2.230011535267025113e+00,2.087390681808069193e+00,1.751247345808213396e+00,2.227734863385214314e+00,2.336686470861483844e+00,2.365171231804630736e+00,1.975162123186325003e+00,1.777515053681722579e+00,2.205284134986714939e+00,1.768435035888237694e+00,2.304889574898492555e+00,2.186553844881046871e+00,1.993883946737785129e+00,1.965108142956301318e+00,2.231294406619376502e+00,1.662807043127118023e+00,2.375569231309646590e+00,2.061545581658991821e+00
1.006226379428000750e-01,7.148808136450558737e-02,1.179060408712648556e-01,1.023036950107018145e-01,1.179846403595567195e-01,2.271298123931728141e-02,8.525808546203948735e-02,2.581895413651372206e-02,3.417061399527563520e-02,7.600498380313112923e-02,7.945816957847927353e-02,8.183520624294472745e-02,7.698261831617847495e-02,8.743904739457374065e-02,1.110552428515136358e-01,5.109575190896982477e-02,1.036157357008023056e-01,9.908536153790911682e-02,1.146635457338181230e-01,5.352681627524340235e-02,2.385437314802928643e+00,1.926714108983428764e+00,2.356119138519880085e+00,1.987670482398211425e+00,2.153109247792480918e+00,1.705880562996515692e+00,2.142410021344586468e+00,2.395741304222075652e+00,1.638638787400791053e+00,2.225200789751047292e+00,2.112153743192821675e+00,1.851010254138525823e+00,2.256523976424096745e+00,2.332807938523670188e+00,2.165550153754657980e+00,2.225817168120522549e+00,2.399140182187186277e+00,1.799483139594767245e+00,2.227567300124844607e+00,1.822083839598361621e+00
3.561307195739892711e-02,3.037389336431512224e-02,6.901807274823279492e-02,3.889618561844031264e-02,8.652126243469873690e-02,7.423770869873420886e-02,2.574736381615086445e-02,3.207679733258667065e-02,8.991222651967517576e-02,1.132994238110400509e-01,6.693987614236023009e-02,1.114796042116645569e-01,3.176641041515641112e-02,4.588437812419410289e-02,1.151101612349525183e-01,5.370775974315240842e-02,6.216826299683661516e-02,5.842845964144562088e-02,3.165297859455643709e-02,5.021725034230023477e-02,2.133005035929204762e+00,1.960410215997078875e+00,2.263699270258626495e+00,1.699042683719134139e+00,1.821726258735533621e+00,1.877206712717045978e+00,1.947686662728137286e+00,2.213533983274040384e+00,1.932346574235811687e+00,1.874962531040484492e+00,1.999476707799838548e+00,1.609745175223750824e+00,2.063036675586311652e+00,1.725415228914026544e+00,2.236623630602750712e+00,2.334315086449774590e+00,2.388284083182503181e+00,1.796844769416869658e+00,1.846386697370507868e+00,1.906129373679891215e+00
8.961618732142176413e-02,4.125461446802996396e-02,1.042127977364480651e-01,4.830908962368706677e-02,5.041863588900633714e-02,5.225943554163700600e-02,4.732420966131913043e-02,8.090355899243530102e-02,1.151087244172313839e-01,1.126521024724830011e-01,3.448701420140209972e-02,4.498376240147190785e-02,6.538016573568743162e-02,6.233000305403146868e-02,1.029689954607789504e-01,8.801823374083234119e-02,8.301308483409543248e-02,1.084146776268524875e-01,1.168267202079300571e-01,1.163131793910705813e-01,1.832327961539197636e+00,1.750403520475367181e+00,1.859416786980687020e+00,1.757546333547204798e+00,1.628113068421221055e+00,1.736728894197396622e+00,1.992652054917596560e+00,2.169185990563940791e+00,1.743686761391953777e+00,2.089421895624951286e+00,2.069988563293321704e+00,1.634494022156148807e+00,2.329747621565128934e+00,1.684617783617726738e+00,1.729799871049625182e+00,1.870391194989187822e+00,2.268497942335057527e+00,1.769404971270454707e+00,1.854652852697156185e+00,2.362808040734896586e+00
4.406849660279288372e-02,1.087672321908632334e-01,5.843771125286610635e-02,1.179152104475063162e-01,1.132868397812968886e-01,1.011742779841883627e-01,4.488019850670649236e-02,4.542943373286121439e-02,2.890564878923901695e-02,5.975530430666546600e-02,1.081194901175736717e-01,2.255729398119469750e-02,7.130221823616841870e-02,3.857904409210279051e-02,8.370507333934164296e-02,5.137544072610952806e-02,2.857109209189630239e-02,1.042183574721916722e-01,9.433964975662879893e-02,4.769419173981141041e-02,1.829058654995980637e+00,1.719211582793778614e+00,1.608999064791979405e+00,2.382933200277300045e+00,2.375219687346749264e+00,1.674309458583669308e+00,2.042139123997592343e+00,2.026516878497543583e+00,2.314044032452561517e+00,1.747007374760487064e+00,2.204422108405938552e+00,2.019413252812938264e+00,2.079689549159331907e+00,2.304064667157920354e+00,2.027018292600451410e+00,2.071978820126183063e+00,2.070361204754520124e+00,1.860543528602718100e+00,1.894731357194532562e+00,2.033205046387763115e+00
7.500731864688867101e-02,2.439636588738058193e-02,8.577788158033415600e-02,9.466107734869749768e-02,6.926946288487371983e-02,4.078584529475326459e-02,4.082161318863149202e-02,6.906163515169902456e-02,1.074190056616311784e-01,5.632246663697150491e-02,4.400796106219200671e-02,9.808977592445913829e-02,1.144252893524146109e-01,6.903726578373135803e-02,5.057084443671461260e-02,4.806029567260380886e-02,3.152409530601312654e-02,1.104083841227111312e-01,9.077799802449249000e-02,2.730759706763087602e-02,2.180670578557689865e+00,1.838900213664877104e+00,2.181523353162902357e+00,2.176640975676307210e+00,1.899143128315186058e+00,2.065597268360002126e+00,2.352357742074672853e+00,2.212529926342127862e+00,1.633986106127133686e+00,1.842874595583699371e+00,1.954206316904122831e+00,2.014055134153660553e+00,1.937611669265205006e+00,2.176080568656369785e+00,1.701617314130211556e+00,1.753599847919052657e+00,2.077895266265870067e+00,1.959333255528796336e+00,2.076495433432565374e+00,2.267382749001622955e+00
9.220052559967618910e-02,3.078670010282222314e-02,8.948390259841439154e-02,9.910842028324932940e-02,4.602743404396167359e-02,3.056943248268460117e-02,8.378459165119760133e-02,6.193523049661016355e-02,1.084343270992067509e-01,3.211681331594419542e-02,8.402837209943872510e-02,1.087082377181005782e-01,7.907558486096832873e-02,8.147788712817795320e-02,8.021072999041881091e-02,6.596425792778677633e-02,1.077338727500828514e-01,2.669094936791476663e-02,7.300784206689868439e-02,2.470220499936974165e-02,2.090295680187356897e+00,2.162467168733592349e+00,2.146481194033329931e+00,2.346039643449835843e+00,2.219576356779016546e+00,2.258065443880767909e+00,2.072853797166135159e+00,2.217505652795935589e+00,1.975227650529251644e+00,1.808158433235282692e+00,2.066111266416667203e+00,1.900215718416393029e+00,2.063490611208357972e+00,2.297070247259153319e+00,1.863491748534418235e+00,1.813816634991143317e+00,1.792542948693509386e+00,2.272092458400300163e+00,2.119969157262956649e+00,2.173046382667067178e+00
1.079861693824719776e-01,4.373841346627296844e-02,4.568602222644330135e-02,1.055341477964595598e-01,5.458503012623673600e-02,3.925397848569128767e-02,4.268382666295111177e-02,2.746079307404207179e-02,8.109273459083939095e-02,2.965033662911242124e-02,3.840384965250669136e-02,2.635740861907319085e-02,7.347732775453226506e-02,8.073315115564462519e-02,7.822822294556117106e-02,9.254858399155876936e-02,2.685054645293754455e-02,1.125902940939963182e-01,8.764493763132596982e-02,4.501708363089558518e-02,2.064825665621254469e+00,2.018184152083729810e+00,2.123103340829857189e+00,2.347425153179069746e+00,2.387638724160869863e+00,1.683460877851661763e+00,1.693978375302173767e+00,2.146863907321956866e+00,2.239292169078338723e+00,2.070078314831545807e+00,1.727730286968194306e+00,2.352696819172871656e+00,2.253442371808157318e+00,2.223342302063747056e+00,2.218479779172143118e+00,2.380704681119939714e+00,1.723226248733531474e+00,1.943097199499500771e+00,2.366726558593372776e+00,2.127880094584394310e+00
1.002829267883728476e-01,1.046249344794506070e-01,5.888408314890533624e-02,7.995656130171294174e-02,7.470602667055246948e-02,7.753715038384242919e-02,1.193623338621576380e-01,1.104966715803502308e-01,9.827752788397785266e-02,9.572549297181279226e-02,9.820237426784608759e-02,2.474879063912769836e-02,9.744117391720762134e-02,9.366748743337081906e-02,7.514329459440179104e-02,5.926144692485829646e-02,1.189975383134928288e-01,3.653415940139223550e-02,6.204256934763868747e-02,9.155953532946663198e-02,2.056138529784634628e+00,2.179368023475748650e+00,2.396853207069949754e+00,2.173356715016272922e+00,2.041840985310435563e+00,2.231593611209980565e+00,1.611582689491273701e+00,1.648146629299748422e+00,1.759705199583549318e+00,1.687351552501058505e+00,1.765342950844778880e+00,2.037771401491406564e+00,1.666681739518505401e+00,2.028065928273090623e+00,1.743788777299895454e+00,1.977714527903166708e+00,2.232624605302743426e+00,2.360878068140685571e+00,1.657494896695248521e+00,1.818516755252514328e+00
7.039531528555387219e-02,3.422793726968074296e-02,3.205086385797176196e-02,6.077159664443929077e-02,9.553491768650122784e-02,1.193394908442551305e-01,5.567477133373337217e-02,1.049765970521708142e-01,1.022540954993085560e-01,1.175676272305821723e-01,5.758616496198763757e-02,2.835076309237233652e-02,3.853457973983655249e-02,9.238649244544019923e-02,1.107922337204083341e-01,1.191875763797292237e-01,3.647733913567215158e-02,9.387718635155502256e-02,7.484641923088680704e-02,5.186521742079418240e-02,2.194429922545896972e+00,2.088570737828681079e+00,2.395446059336848066e+00,1.992629566075995839e+00,2.366102154439430727e+00,2.196178340287508135e+00,2.153230376697613746e+00,2.133814738838396785e+00,1.725356690751078892e+00,2.276773951432395471e+00,1.682539640303656103e+00,1.639059905413366103e+00,2.063369552128334838e+00,1.610703745433590406e+00,2.225702127369524330e+00,1.648053965518299968e+00,2.328047628576474626e+00,1.778024718980313112e+00,2.202277250655225949e+00,1.606224165244146018e+00
2.172206155132006336e-02,4.797665269890809964e-02,5.231833900485874378e-02,1.120702455433550682e-01,6.401368032364518346e-02,1.152787870017804306e-01,9.396592571023225371e-02,7.892295103327920391e-02,1.063896245655996664e-01,9.500465726811199718e-02,2.594900740151429366e-02,8.264686822014175038e-02,8.347430025168675605e-02,2.037838573139784740e-02,8.757508479754214092e-02,8.705611506584275128e-02,4.904504088685112534e-02,6.863217312458061437e-02,7.787995380837579862e-02,7.485766792130524316e-02,1.727985905912018616e+00,1.669581276618470334e+00,2.023509840753218381e+00,2.102784948152537137e+00,2.086100472148345819e+00,1.931902085765308863e+00,1.612059050223659584e+00,2.075790032524790441e+00,2.235798035602580836e+00,1.823178665130068765e+00,1.650389633892909380e+00,1.658299527645208382e+00,1.817524942242920716e+00,2.359096337762003781e+00,2.121668019397930927e+00,1.724359690496277464e+00,2.390552502764430542e+00,2.235119079389644714e+00,2.268635865137573759e+00,2.290588611906597460e+00
9.032481072896723917e-02,1.067282625064789742e-01,1.109619951564750906e-01,6.763605108498119134e-02,4.026635799461801557e-02,5.567669041903976213e-02,4.939321338279041573e-02,1.044355526768168951e-01,6.467647994411597490e-02,3.589912662156369283e-02,5.892505274510015378e-02,4.182620681020679521e-02,7.239405566683354554e-02,2.379659615329461630e-02,2.832853198250884566e-02,5.217663009487401304e-02,3.936882584211932878e-02,5.681166923331758267e-02,1.064124620093525458e-01,9.448985206809626392e-02,2.077471636490524354e+00,1.746209835887862161e+00,2.368665853825518308e+00,2.076803359663784487e+00,2.297713160341884553e+00,1.682904072718449662e+00,1.602055387175621792e+00,2.376948622684014634e+00,1.692346564462083869e+00,1.879283984790482309e+00,2.176959308984723673e+00,1.798765535587902198e+00,1.722134188580253467e+00,2.246451648104307086e+00,1.741263612262096805e+00,2.172996772620745976e+00,1.636337986624428531e+00,2.068649067354897841e+00,2.023435740657772097e+00,2.153243000519541095e+00
2.701232291233054972e-02,2.901848374146987278e-02,7.979593242636735806e-02,4.008703454548137590e-02,8.066313105682125506e-02,8.257339949299132009e-02,8.075350069573759837e-02,1.103241325711718235e-01,1.112174400910500849e-01,3.957851828408240347e-02,8.626493728281918461e-02,1.098074404882181943e-01,6.639404330271850285e-02,8.651532920484727995e-02,4.630228671964214254e-02,4.692101644869746402e-02,9.114908731388650376e-02,9.383292017277311547e-02,4.683519517029059026e-02,1.173872989327698763e-01,1.866359860871043441e+00,2.058130451113987291e+00,2.043600509825584499e+00,1.790415729558594959e+00,1.818539471632037330e+00,2.019097962637025567e+00,2.366371717149737375e+00,1.756740884440437078e+00,1.946870189637557313e+00,2.184240456259759711e+00,2.182743442385637778e+00,1.832179665200304397e+00,1.761063600931793705e+00,1.729232362686079050e+00,1.886952346235448053e+00,2.089458651665976774e+00,1.790916103344630583e+00,1.963697697532125641e+00,2.271172140144080309e+00,1.658290498520070155e+00
1.183249264079388741e-01,9.473754720971627741e-02,2.137996775041366843e-02,8.805264525311146118e-02,7.000831677114408014e-02,5.993062173406804582e-02,5.276891651645261583e-02,9.052476443840178078e-02,5.091650325626324858e-02,6.137223578110383160e-02,9.647969946735138191e-02,2.459148254081889098e-02,9.653468754680191721e-02,1.136702338379299293e-01,8.417980392333479500e-02,9.079718315472308510e-02,1.156133463440138787e-01,1.175458628947172873e-01,7.635890652835242154e-02,8.189796656132433683e-02,1.713771436309136531e+00,1.606833108067784455e+00,1.913555303232743698e+00,2.228836732120826447e+00,2.254868150575931818e+00,2.107913203093052967e+00,2.211809015105635101e+00,1.756640739738132728e+00,2.317022255082052062e+00,2.156684684747597558e+00,1.681917050073266751e+00,2.341778165973260162e+00,1.978335748971011387e+00,1.984063521481118642e+00,1.797527124985306868e+00,1.981949064272418681e+00,2.306482331435510069e+00,2.111238978717706161e+00,1.922912387016605829e+00,1.843109620598728737e+00
6.438325723427419656e-02,7.326319085829229028e-02,9.376614316795051085e-02,7.083971584970771840e-02,1.138918497384847073e-01,1.056958320920130118e-01,1.095063143528317434e-01,8.790672751208525315e-02,6.942424395722943120e-02,3.330369537474384134e-02,7.049996497198807166e-02,1.062555469543937925e-01,4.574517997764820931e-02,8.397782435849063254e-02,7.617590333687766779e-02,9.992275163882698152e-02,1.126421369888489787e-01,9.614722570351845465e-02,1.089041388424439039e-01,9.943370019953509664e-02,2.021006834957700171e+00,2.030865938853908315e+00,2.128625167908773097e+00,1.707577826259291331e+00,2.080035692858550167e+00,2.169392130491174520e+00,2.055426139509227923e+00,2.319945990274403957e+00,2.326344707394240707e+00,1.907965247198575964e+00,2.115324565455545258e+00,2.366802449253392560e+00,1.641305261089018863e+00,2.265114468322111829e+00,1.781658827330789174e+00,1.927502446441611728e+00,1.853944904568081364e+00,1.762943061010930235e+00,1.764368326522778085e+00,1.669225927021568356e+00
5.376633892157924033e-02,6.338484760790735750e-02,5.695961972621654823e-02,1.095629509574925914e-01,5.793356385295703181e-02,6.746553523352485926e-02,6.389523274998656910e-02,3.364261325195101737e-02,6.769164753067319351e-02,2.457959499508783133e-02,7.179254753084392260e-02,3.455753540998653117e-02,4.175532879724650620e-02,4.414812292390399989e-02,2.541252330614736377e-02,9.285541667252951437e-02,3.499166319055350277e-02,6.573968930068460614e-02,2.398627340243027206e-02,2.268733777551962608e-02,2.358032932559684269e+00,2.143740151393697779e+00,2.289302454701933609e+00,2.121368180087152222e+00,1.894949619077872960e+00,2.203049109351556289e+00,1.648931978228760364e+00,1.830840961072438766e+00,2.337450791268798067e+00,2.095218101101621766e+00,1.946909255798656035e+00,1.979463701851272850e+00,2.180328415262898556e+00,2.217670106211096837e+00,2.036425309194294542e+00,1.930332417077963436e+00,2.113950943433750673e+00,2.268599273966071195e+00,1.771445781438356404e+00,1.781975768820849515e+00
2.490600334534688598e-02,4.844625345593766425e-02,8.570587896652859250e-02,1.089916692617528965e-01,8.725428199611828806e-02,5.917635708502898273e-02,9.245178564151824985e-02,3.253283662550839062e-02,1.006772242592516992e-01,6.106948019058308641e-02,9.586381202296399839e-02,7.237622410897555369e-02,7.267912855237700087e-02,6.354653001746941865e-02,5.113403376018747781e-02,5.400006990332507917e-02,1.052416883466619074e-01,2.397170160663496946e-02,2.523710889765849383e-02,5.984478744563621888e-02,1.753323454913966017e+00,2.338868899340916130e+00,1.801377033169432984e+00,1.897278526756480010e+00,1.824104019996958925e+00,2.002838581557802478e+00,1.880899973749334375e+00,1.928374454145306283e+00,2.059792430590777990e+00,1.875452389345991122e+00,2.093259334849109976e+00,1.953105228599242071e+00,1.738895339104281623e+00,1.762136968403455572e+00,2.042824394294301182e+00,2.137285267681577672e+00,1.720461058067275673e+00,2.109697631574418253e+00,1.676377752449998315e+00,1.624853420586795272e+00
1.042336907195225287e-01,8.300083186087031661e-02,5.539205943014276212e-02,6.031294112740133440e-02,1.125905612565438474e-01,6.496861895836103518e-02,1.187946017521829545e-01,9.384585304727925681e-02,2.620995099106577034e-02,4.654595197569552645e-02,1.164166732731200804e-01,5.239372987071203025e-02,7.320621455242637410e-02,4.840554659764659262e-02,3.172175073024984665e-02,7.997775781592474098e-02,7.958479137358914768e-02,3.394294232286161617e-02,1.095279605973635551e-01,7.828619250880312908e-02,2.353109997472942361e+00,1.992276332562175511e+00,2.311239437279482889e+00,2.079303534558382793e+00,2.397476300728662579e+00,1.874880183735453620e+00,1.668770105299711926e+00,1.782587702594142565e+00,2.160959985787699988e+00,1.836955247972879013e+00,2.350089295999451711e+00,1.977646812461409498e+00,1.813184994049968024e+00,2.305913573933491278e+00,2.036562208453133849e+00,1.949412326676509988e+00,1.909002870377106698e+00,2.023242006299096118e+00,1.630566726956425239e+00,1.699601303255674933e+00
3.054199138009306216e-02,9.336143052955529764e-02,1.098071123749774503e-01,9.082629636643092808e-02,4.088989590740252367e-02,1.120830963452510709e-01,3.631500453114322458e-02,1.125849593001249788e-01,9.015985274533695748e-02,1.010686567629430488e-01,5.239369611643955593e-02,9.118483527138181166e-02,4.359956927499131218e-02,6.105008640412805387e-02,7.273232953193385641e-02,1.128933663255643205e-01,4.523441429663558472e-02,5.002109234977973606e-02,6.645432675253395982e-02,3.930998703929426685e-02,1.992944169589825343e+00,2.153721341037479142e+00,1.891153876642082787e+00,2.314417097032494208e+00,2.248931648806668626e+00,2.177593458237022439e+00,2.056360635610097187e+00,1.783103741238444950e+00,1.964146512096392350e+00,2.131297257513002474e+00,1.700926218689074343e+00,2.324652318430282527e+00,2.254370362249216164e+00,1.803782999809744991e+00,1.982011492810410669e+00,1.878835041897352287e+00,1.610011548025729322e+00,1.859234219124735077e+00,2.348912322718041956e+00,1.878473466406628933e+00
1.089027721970626528e-01,1.062857519003236884e-01,6.775819834775143047e-02,2.354360172924244154e-02,5.429216868406422369e-02,3.253589595433420412e-02,3.405984453279867902e-02,4.528994847925750522e-02,5.003013862103369847e-02,8.170669638483825381e-02,6.897417187328458432e-02,1.167575829912989721e-01,7.963844836798808502e-02,3.010369208866186391e-02,4.420774348964634504e-02,1.093790917307508603e-01,3.582452822679391136e-02,5.633128046805711830e-02,3.903060686037912452e-02,1.050139246306243390e-01,1.811937141357119474e+00,1.730241316786160777e+00,2.280757012458658473e+00,2.336198965971640007e+00,2.214179461163700680e+00,1.861178393864454161e+00,2.369426122215342545e+00,2.113210326597241284e+00,1.768081347528202008e+00,1.841076461586221624e+00,2.343175549696200566e+00,1.764570084444551323e+00,2.177836531098186867e+00,1.991512544760620118e+00,1.654320479262392674e+00,2.005908919809875623e+00,2.028020081644188899e+00,1.665866452316540958e+00,1.924527314632818786e+00,1.689209827060290214e+00
4.358495618332556415e-02,7.369700560975045445e-02,6.473046211118618776e-02,2.285637269431628829e-02,1.040018510197143198e-01,2.917214173898594054e-02,7.916674121412393961e-02,1.044974302109287212e-01,1.070854526070672275e-01,9.600210117346585914e-02,4.229262451972698456e-02,5.380900863536944301e-02,3.076420892335552174e-02,1.142645012121334958e-01,1.156255987981893579e-01,5.258210932021156747e-02,5.362090836647284697e-02,9.486906981599201039e-02,1.011251678675642030e-01,1.180033295866119297e-01,2.376725009830320090e+00,1.671851932062867752e+00,1.605962599843636651e+00,2.096061266548449709e+00,2.229592954446947939e+00,2.351123187178948193e+00,2.389979224909181355e+00,2.179972762161836997e+00,2.066610273162548861e+00,1.677219573714370471e+00,2.188855129875951100e+00,1.835470186762051537e+00,2.217002882929190122e+00,2.022164840190356028e+00,1.828777245142699792e+00,2.064756176458176107e+00,1.600431809780748393e+00,2.299604017732549632e+00,2.160656879306620759e+00,2.130564727371534683e+00
1.131106592276736184e-01,1.074718016977199292e-01,2.020090620282299215e-02,5.395808539736796083e-02,1.118857291036311763e-01,4.457940090779551057e-02,7.928003915159521908e-02,3.445852472655850512e-02,2.111327829602852035e-02,1.046285974192922436e-01,1.079083869012154584e-01,6.602161175765475232e-02,4.104042886131681334e-02,7.635062765230235526e-02,8.434706919708737094e-02,7.052712028474983352e-02,9.404030795766686601e-02,5.066497982320512794e-02,6.072082677385044758e-02,2.036945581840961597e-02,2.319369462589018660e+00,1.641606713951310859e+00,1.615599240282090676e+00,1.867153151758673246e+00,1.607751834576241601e+00,2.138987232144986095e+00,2.161622606006229574e+00,1.898361637945083169e+00,1.650586498933393376e+00,2.062364726528908232e+00,1.867081909998603129e+00,2.158574248328711143e+00,1.991643375705445251e+00,2.248185161711096391e+00,2.213577422745726331e+00,2.189879123335810807e+00,2.381434170790964977e+00,1.738923690458235916e+00,2.117715319982057309e+00,2.331878935540396380e+00
8.929716037801326001e-02,8.178005658520071108e-02,4.945691906474804223e-02,9.460849591489416122e-02,1.027931183847744512e-01,2.555719560147849331e-02,3.061997136988297424e-02,2.764004461618874489e-02,6.204887917712217926e-02,8.799014119389807209e-02,9.617210693596268956e-02,5.584421912630133100e-02,1.022519812096440855e-01,5.938329891935045790e-02,9.350014419098388874e-02,1.050217448180764124e-01,2.718008316520519746e-02,8.602394806092103496e-02,2.082119769583621813e-02,1.140807521217342690e-01,2.154001581756404438e+00,2.126712236933724132e+00,2.175374882222817163e+00,2.365631460227746174e+00,1.863508291876696088e+00,1.721690756794558075e+00,2.362293477379314943e+00,2.258672285523274592e+00,2.252594788904673351e+00,2.327755904200486725e+00,2.053362158612730859e+00,1.661487281513422065e+00,1.912633991219430118e+00,1.663550089596486758e+00,1.909317484083349559e+00,2.163488234220111828e+00,1.736755549411397759e+00,2.010705086557249999e+00,1.700681335918562631e+00,1.868723345525236779e+00
3.315742535544220770e-02,3.761864493521160924e-02,4.476439693772607531e-02,6.968591176441328583e-02,9.339938938781271183e-02,2.108440633664551700e-02,1.101448425196836778e-01,3.893086787219232625e-02,3.762618629310342938e-02,5.107938984886349620e-02,3.221014090139354830e-02,2.004108818354443516e-02,9.386027191109398704e-02,7.118079349782849286e-02,5.520838559581187077e-02,2.630333583775682979e-02,5.160852571390497912e-02,6.426111294474332047e-02,8.296963437765261795e-02,6.952027748169814503e-02,2.291244409185111408e+00,1.711364357830277516e+00,2.112059327735695824e+00,2.390038787925446329e+00,2.127682176092366539e+00,2.067888845432649170e+00,1.657787304433472775e+00,2.154952789709791539e+00,1.758171011608885115e+00,2.199756021369431380e+00,1.918419706997041452e+00,2.213519221338909659e+00,1.758132864197322842e+00,1.994231835302833211e+00,2.260755159617185317e+00,2.258582418110326895e+00,1.794904915883238639e+00,1.721217551248636513e+00,2.058693238489507582e+00,2.374420703585601977e+00
1.133245632214103515e-01,8.932810226391162123e-02,5.664478671589137648e-02,4.367106755384300709e-02,7.083122481997770892e-02,7.639332945205312697e-02,6.945339329706382014e-02,5.707735782440430394e-02,1.050737384219353615e-01,6.065828815087803694e-02,1.027122666012042634e-01,9.729998199961673033e-02,5.833569497385569791e-02,6.581603910431886584e-02,2.614163673971659288e-02,9.446995790211369648e-02,1.150953037916130905e-01,6.444238611322505861e-02,2.885867492919122479e-02,2.303304007368799783e-02,1.866236216169036677e+00,1.730051228091723958e+00,1.872241553884681275e+00,2.263747844054222025e+00,2.396015868752694900e+00,1.643174221689442049e+00,2.226719900798050933e+00,1.987317180406985573e+00,2.158225174684772263e+00,2.054357921322730096e+00,2.158917981905817740e+00,2.083016916171561483e+00,2.255011420557528012e+00,2.002838148246598227e+00,2.260800744808544316e+00,2.109209284388246619e+00,2.021899778733706743e+00,2.230519475465617241e+00,2.126205704449957601e+00,1.953612933730424661e+00
1.128388300116273113e-01,1.187071917233554347e-01,2.744868816004036177e-02,2.844628626785538489e-02,4.179114060320553853e-02,8.612836354331659949e-02,2.604903556773139825e-02,8.673426397249166253e-02,7.339268585206379369e-02,2.881828030715324895e-02,1.122113650811930319e-01,2.054366722641233836e-02,3.378179980103031277e-02,1.199826301266951611e-01,1.184254205617547712e-01,3.975563553932952993e-02,2.558315662639426905e-02,8.186613726645186606e-02,1.132598443836152630e-01,6.231097527166307160e-02,1.683704409283870440e+00,1.622618145850013960e+00,1.910446126151433166e+00,1.900014880501414094e+00,1.625228527990709271e+00,1.601494182439443970e+00,1.805608229130551967e+00,2.339178970906124810e+00,2.074860618412965874e+00,1.696396005974434740e+00,1.617425374907568436e+00,2.172703890087526624e+00,1.765059891325082342e+00,2.071033615317908527e+00,2.020811750977285381e+00,2.235187670688534745e+00,1.701297874851060987e+00,2.023549172462788981e+00,2.031141183733825351e+00,2.399577181512365875e+00
8.469473396614977945e-02,1.033342167779601473e-01,6.506252554047024794e-02,5.750390072332701996e-02,1.190746056986161511e-01,9.396130625380175183e-02,1.046406826371796411e-01,6.079300859954629710e-02,6.930737896015772004e-02,9.269864870666373602e-02,8.226066906483400776e-02,6.316053704257529322e-02,3.423686112759008471e-02,8.276697874880344086e-02,4.243042660737383204e-02,7.672688574244573845e-02,3.113602365321599744e-02,1.012961924644689149e-01,4.213833676389758254e-02,2.829745006189812728e-02,2.022947453672859996e+00,1.798025198734917396e+00,1.686724264810963936e+00,2.393554221939426796e+00,1.910472079484793362e+00,2.032354512420775361e+00,2.388477102261242990e+00,1.954480444441679010e+00,2.169510112737967233e+00,1.642812742154533323e+00,2.269365000634693708e+00,1.820392667192438418e+00,2.063628471408344822e+00,2.257950839392920628e+00,2.180775893166301049e+00,2.158530824427434158e+00,2.181891612579014428e+00,1.750807720076089202e+00,1.657968101941774020e+00,1.646498467173464597e+00
4.632774475980259293e-02,3.044861971247586965e-02,1.197972288882746400e-01,8.821402465270769544e-02,2.903602413061060969e-02,9.209131391622561724e-02,2.449900596823616911e-02,5.351485336502469214e-02,2.013368738301883273e-02,3.627419632212179612e-02,9.663500596850757574e-02,2.306995608517987961e-02,2.748240034065276005e-02,1.119597866420876803e-01,4.832654523796619389e-02,5.023775299239988806e-02,9.493711845057649368e-02,3.391597785316392832e-02,2.417002158829438183e-02,8.537855506683100781e-02,1.944959140395135400e+00,2.101132494360063330e+00,2.360688989154437589e+00,2.230457996025589029e+00,2.007880530825850496e+00,2.309607152516275352e+00,1.874023034292578549e+00,1.860618457620478283e+00,1.815501284736283250e+00,2.001707912292818747e+00,2.381136950450714274e+00,2.193611831731336448e+00,2.087985928349086695e+00,2.204903917897868659e+00,2.075948801068275618e+00,2.009761701592072125e+00,1.660800947032704755e+00,1.605515919257261226e+00,1.756546498595181749e+00,1.746286055614852062e+00
7.487581732378355281e-02,3.631670892382815596e-02,4.970294365579831786e-02,8.394738380975250158e-02,2.603111205618220680e-02,6.306353280126447691e-02,1.165635244048776331e-01,3.415283188039004714e-02,5.409461953113463284e-02,2.348094795162862167e-02,7.441648299086342511e-02,1.059403966326580432e-01,5.870112195816669376e-02,3.546350169195777724e-02,7.119476713025417458e-02,5.478553440077026104e-02,1.173092684410795838e-01,8.568786169667402808e-02,3.280914064757176757e-02,5.463801868180849508e-02,1.763392310097725124e+00,1.651396365383526188e+00,2.038219465899043570e+00,1.630679446121736209e+00,1.814431139193050546e+00,1.814398327841694192e+00,2.331243752269551273e+00,1.612098194294506515e+00,2.230306040197568507e+00,1.783320188028447495e+00,1.725881772433388139e+00,1.976716013540468886e+00,1.972884026984649264e+00,1.857959668476244497e+00,1.783232349116400828e+00,1.602456147002277342e+00,2.099739644958761531e+00,1.695559078367699035e+00,2.279875009363389715e+00,1.755085497389929916e+00
8.083909239383475775e-02,6.634736884076268548e-02,7.491061118889844050e-02,2.882487374088583965e-02,8.659337941836320329e-02,9.034652484093169678e-02,7.501660457616393662e-02,9.004427862974374863e-02,3.865719496760153251e-02,5.649101990877546109e-02,7.781699830981123056e-02,3.318560168591797727e-02,3.424674231433377791e-02,3.869664579553423744e-02,1.156738137343089473e-01,8.777056254524327750e-02,3.126601630535470744e-02,2.537323398310646280e-02,3.380355386154935277e-02,4.773323788592303413e-02,1.731493390071593863e+00,1.750611857697064622e+00,2.105579355556535859e+00,2.248966042362537276e+00,2.321155021545448172e+00,1.811823739208484829e+00,2.133694305791412837e+00,1.668411136226290559e+00,1.846902977640061172e+00,2.128809077019136797e+00,1.970262190887271059e+00,2.156497334531561449e+00,2.259042080022706678e+00,2.148706902222190962e+00,1.752706715823072026e+00,1.954060905289737748e+00,2.191444888742218211e+00,1.692668008658023249e+00,2.104481126945765723e+00,1.908614404526266739e+00
3.812810884668078881e-02,7.331222771417550410e-02,5.216979157293603897e-02,7.118251795586071073e-02,3.149462876748657103e-02,2.251907430386577633e-02,1.161292597382078962e-01,1.157017527910646632e-01,5.515667822215093719e-02,7.893460974610858050e-02,2.782121682708780727e-02,8.650591531295730163e-02,1.047187770610926022e-01,1.198577960007265047e-01,9.151887632934621597e-02,9.712456959528334433e-02,6.797625427941542120e-02,7.639065190198703059e-02,5.968076265931805680e-02,1.126635217399944433e-01,1.878211176809519101e+00,2.154848635060321538e+00,1.922647450664158431e+00,1.837139682569482790e+00,2.025009456423509491e+00,2.001360105844760984e+00,2.088793141857777869e+00,1.763933584779292296e+00,1.648210832610043752e+00,2.328804056725283012e+00,1.615121717597873596e+00,1.622003369675686146e+00,2.239179242669002257e+00,2.181174705679571613e+00,2.153900536164023105e+00,2.340084010327539321e+00,1.631286605802759748e+00,2.332858768533652594e+00,1.993165851068408490e+00,1.726486137799694287e+00
8.824828114443199201e-02,9.042435037805261755e-02,5.549172653978816372e-02,9.022235614833283568e-02,9.162776633830103934e-02,9.945791460204743417e-02,3.281796919825748227e-02,1.039551616768962655e-01,9.557432780304774000e-02,3.135408876698303482e-02,2.913836551690996216e-02,1.139966710295764601e-01,8.986686934158676088e-02,5.783558609858843735e-02,4.998171170619304660e-02,6.884800449586894744e-02,1.154037952566418501e-01,3.022000716806245990e-02,5.642419301820846000e-02,2.086212408400177007e-02,2.113489939186262490e+00,2.063939889616424495e+00,1.863314268761210535e+00,1.680278374404988728e+00,1.955476861912598618e+00,2.178428517133998543e+00,2.160553513960142169e+00,1.925197296961726590e+00,1.609088307325935219e+00,2.065465334214792836e+00,2.246234075506795325e+00,1.938932383035927298e+00,2.279723074343049216e+00,1.834517707658813945e+00,2.118202164447478442e+00,1.658012307500060123e+00,2.184203776897216454e+00,2.361413123443329098e+00,2.366940037183446144e+00,2.002425899885440952e+00
8.717488181207132258e-02,5.192678378953249907e-02,7.885420745825263977e-02,2.755741384059521779e-02,5.127133003362087382e-02,2.566316279742609022e-02,4.558235013441699901e-02,7.864834702494720442e-02,3.786190537643763232e-02,8.897279451843019549e-02,2.845301412588653600e-02,1.079797078289885942e-01,5.456506046556229561e-02,6.052878696003864689e-02,3.827815189923421124e-02,1.107181316002301408e-01,9.395267602458742817e-02,4.619021668425291743e-02,5.501716681710487611e-02,5.241832893648319669e-02,2.157928047004387118e+00,1.879319932349289068e+00,1.855201119111723473e+00,1.700886142790848821e+00,2.028114362566217466e+00,1.919674276264891510e+00,2.205677519702859968e+00,2.210204950223163323e+00,2.324928475452678445e+00,2.064960397530163139e+00,1.917313857388759146e+00,2.024711464402544792e+00,1.615152165449426747e+00,2.383341831440578318e+00,2.167197007709130485e+00,2.025557883314909269e+00,2.108606972471416707e+00,2.133105043964348635e+00,1.792514442659964402e+00,1.778599419609137922e+00
1.029111496115773100e-01,1.124073311652207530e-01,6.950105127095340674e-02,4.194878233444387233e-02,9.181301198562004384e-02,7.255889402029062907e-02,7.436872762798943381e-02,9.732437470021747250e-02,3.004465196600857729e-02,6.747052877900160117e-02,3.571454045225716523e-02,1.113794117423112934e-01,6.502161262791116003e-02,1.002209717109258658e-01,1.146021721097326418e-01,4.363632811036682185e-02,3.913260888692776662e-02,7.221391150389230851e-02,4.472051770385291475e-02,7.293934760828221786e-02,1.987998673949892270e+00,1.919422743045047230e+00,2.162885706951370501e+00,1.666459082838032346e+00,2.364944851120879932e+00,2.200478688926740922e+00,1.651560379141118196e+00,2.308522422646364980e+00,1.980010589135070553e+00,2.329714066039866971e+00,1.726171906223522123e+00,2.378995045530804653e+00,2.132848452161336894e+00,1.678769835438054914e+00,1.716328844557591049e+00,1.937924136806727704e+00,2.200413677493202158e+00,2.117582162421792091e+00,1.639177752090321460e+00,2.351439473669300284e+00
6.568919292423130996e-02,1.083771251540676384e-01,2.471589596063414329e-02,9.199431777479485928e-02,5.093235198236424621e-02,1.161837633629544675e-01,9.805658150181821575e-02,3.590843976277166560e-02,9.980946089282377587e-02,5.990875530736870791e-02,1.054931868594883165e-01,1.003998875657326900e-01,6.707050474439382737e-02,2.490727238664846438e-02,8.133243416692607919e-02,5.751633257487956397e-02,1.131226477142319303e-01,8.604336110242531699e-02,3.812965816459149004e-02,9.911889894768320663e-02,1.873854495649938112e+00,1.698313583374531754e+00,2.233769494982076331e+00,1.903720480967236339e+00,2.230417309044814722e+00,1.859122536860059460e+00,2.311931962156944298e+00,1.859354356226166072e+00,1.815869688598590992e+00,2.291457019755688940e+00,1.984377197867717824e+00,2.203857728967110408e+00,1.891738310784321753e+00,1.628672798779306596e+00,2.046368569376113555e+00,2.294719373228496728e+00,2.111255443027190815e+00,1.833322679359415508e+00,2.251146729665672197e+00,2.299616379113890385e+00
9.397538297915936090e-02,8.546582806645312835e-02,5.813648621391569182e-02,9.786666662534361516e-02,5.164696074340012488e-02,5.697872612813434379e-02,5.052573048770025999e-02,2.705945909837349783e-02,6.475847942907836385e-02,4.975076248554965996e-02,3.806470266600228691e-02,8.778347381416075346e-02,4.951393159632420243e-02,1.006955743177068291e-01,8.663247050560465845e-02,8.865722166547539140e-02,2.882496451062419029e-02,1.144623730079234181e-01,3.702048075139680039e-02,5.708531365815625036e-02,2.137619952872606532e+00,1.993227355279666657e+00,1.975137058979478777e+00,2.021035460265995010e+00,2.396937923842029861e+00,1.992334733703131855e+00,2.064990249896031749e+00,1.657922599566983957e+00,2.076806742972979514e+00,2.139261864590278783e+00,1.670216651923722040e+00,2.304833691009590790e+00,2.118762643646747712e+00,2.016544830916906950e+00,1.946743461515661799e+00,2.216500903826761348e+00,1.788321776106598815e+00,2.227192998107899058e+00,1.877434792113609641e+00,2.310295009851969894e+00
1.082200283208343689e-01,1.158526079034003509e-01,2.847419373475023469e-02,9.706006713226354721e-02,4.914736461655171834e-02,6.686369402526262662e-02,1.125455807546769937e-01,9.980724761044139359e-02,5.419832122460047086e-02,7.956542244776572403e-02,8.993786970212225285e-02,5.920238037644619256e-02,1.098632286631168603e-01,9.565624191165372769e-02,5.735114449943407022e-02,1.137802252251267493e-01,7.094525900749314162e-02,7.674782133200713785e-02,1.064271786883268234e-01,1.125550896739655748e-01,1.664616123578436246e+00,2.142519868434779706e+00,1.628469177108333499e+00,2.113019588352020861e+00,1.875897486175347018e+00,1.686098977320405812e+00,1.818902108180263655e+00,1.870446412006773418e+00,1.740935508039409552e+00,2.214289682723764585e+00,1.834913221232018499e+00,1.724569102291594103e+00,2.070845310729401145e+00,2.356228217857156970e+00,1.694801581721447015e+00,2.274638452493993324e+00,2.313017640810929088e+00,2.373293134934622017e+00,1.695432654983529241e+00,2.087017407014771564e+00
3.085084617609095553e-02,2.854237202685347419e-02,6.069435925967263390e-02,3.971622564403906597e-02,6.313328483395747037e-02,9.512027060080512075e-02,6.235680405844026830e-02,2.978602330088137365e-02,6.340080920616041060e-02,4.997958353407720711e-02,9.950051648753002742e-02,4.972262866740634335e-02,4.342238027435833120e-02,1.001454264059820493e-01,4.776754393217679667e-02,2.911388196053294256e-02,9.344926524419588931e-02,6.096016461807375608e-02,8.526016500639936602e-02,1.173774782570270597e-01,1.605161610442859432e+00,1.669121315260563509e+00,1.794370583508450023e+00,2.348753581548835623e+00,2.127095941171477378e+00,1.733818788011107781e+00,1.654979210285317803e+00,2.234328264100361672e+00,2.166773348744601702e+00,2.272977039331628202e+00,1.695414056825381710e+00,1.942588885235791318e+00,1.624693060540534306e+00,1.727958929158470269e+00,2.245366145655225854e+00,1.778187777509644851e+00,1.865228134694844053e+00,2.031906378783354672e+00,1.861766887146849125e+00,2.219121794305763729e+00
4.442254914989454684e-02,2.339426322640874439e-02,1.196107740563858296e-01,7.077710570801759582e-02,5.590207783914125095e-02,2.342848097236308047e-02,7.013949139404432320e-02,9.763742468261807361e-02,1.136112264683671047e-01,8.924133285175320229e-02,7.622110134652525237e-02,9.428631317958020841e-02,6.414929141892264375e-02,1.147114566427196169e-01,3.699907105269407970e-02,2.124783360565582480e-02,1.145822128647537574e-01,5.498954062218358585e-02,9.184212088190911449e-02,7.875361889619306166e-02,1.996879226164377741e+00,2.047385239623042974e+00,1.813012355634067818e+00,2.018849642243611520e+00,1.938387178526235433e+00,2.311597127066287172e+00,2.262867725742497171e+00,1.848530063585659411e+00,2.189032598953951858e+00,2.079863976539043868e+00,2.140843824635501935e+00,2.322817546065377492e+00,2.370858410483823064e+00,2.394704206347951114e+00,2.380340480413271731e+00,2.107245675222506165e+00,2.286184182532439380e+00,1.962701873188980928e+00,2.219379900147296691e+00,2.314851929767317351e+00
3.256891935462943866e-02,1.104937854019492349e-01,1.046361165820473144e-01,3.935742100082355310e-02,1.094067849006555848e-01,1.151467284170580307e-01,5.564034000285396353e-02,6.421236056120806224e-02,6.207302763296748682e-02,8.880886973881378654e-02,4.434307008132980926e-02,6.340256086475168362e-02,4.536171881508262171e-02,9.851254723482742726e-02,9.499452991079540554e-02,1.054845116351726675e-01,6.240935045427914440e-02,5.162219623172130401e-02,9.886390592775554098e-02,2.860558773242098327e-02,2.203028850175387188e+00,1.830470800599004910e+00,2.254855017096056624e+00,2.163211731342848498e+00,2.323662520363426243e+00,1.766831817621351775e+00,2.193203210257161473e+00,1.845679131059239753e+00,2.202115060486228515e+00,2.385494512728058680e+00,1.872561052683454408e+00,2.203048196111099699e+00,1.688845633019278036e+00,1.899643227712985105e+00,2.116294423930744184e+00,2.161915803498514865e+00,2.118671651161161851e+00,1.971370136156653796e+00,1.707269210771781509e+00,2.273502206795162905e+00
4.837290213401797268e-02,5.388170256868060615e-02,9.679391971449106957e-02,8.053769628843791828e-02,6.205943721751046305e-02,4.738969748093227463e-02,5.332664112283463931e-02,1.068226652372018387e-01,6.408495290066411332e-02,8.817102322579303819e-02,8.020205847473474425e-02,1.154978562318213220e-01,4.685857613608665484e-02,1.089555977821917154e-01,9.145323936604059234e-02,9.640628448901825132e-02,1.067873359857822446e-01,7.592810844725626784e-02,3.457520679428160298e-02,1.074152818672273468e-01,1.906357525134736663e+00,2.196142500862113156e+00,1.894020639962567865e+00,2.016191959314248994e+00,2.386010766579794939e+00,1.683245300304191616e+00,2.275637315390310000e+00,1.812243164059091027e+00,1.667142380741303054e+00,2.309975020046805660e+00,2.074006417201982089e+00,1.651461579931100543e+00,1.918541603120962780e+00,1.972295812631204459e+00,1.632784005812697448e+00,2.330958616600324884e+00,2.285216062279628702e+00,1.971353077067851123e+00,2.354024250353042191e+00,1.614566786532966480e+00
9.108659529831548973e-02,1.092999234303573264e-01,1.085548842463360253e-01,6.982121417704902078e-02,5.910678723536109958e-02,8.629271364896730356e-02,8.777424071606115819e-02,4.657922312742075743e-02,4.384349149204868484e-02,9.702215009040300597e-02,5.841365337429274551e-02,1.169016697315422848e-01,4.871635898323234404e-02,4.606398929642809004e-02,8.533378215797135513e-02,9.247587703554419059e-02,6.084754328946120894e-02,8.923194978863829840e-02,9.394741643165176181e-02,5.364950312195945759e-02,2.111448506988415907e+00,2.133438288932542282e+00,2.257345610566192651e+00,1.651774076046359063e+00,1.790799797721877029e+00,2.079380017428855254e+00,1.747925576672145542e+00,1.854132997453557419e+00,1.983275359251732928e+00,2.337332978649465431e+00,2.252671857148129675e+00,2.080648745024996416e+00,2.053057121046776512e+00,1.656256394830752043e+00,2.042623717486107271e+00,1.997842753170967489e+00,1.757619729612188042e+00,1.710887078622782775e+00,1.818136856001549395e+00,2.291859564650662762e+00
8.831921011795443310e-02,3.892026038192502452e-02,5.059728184931392564e-02,4.030352912807728949e-02,9.959637739993447425e-02,3.730358404564208807e-02,2.277898683412359765e-02,6.584382816350456413e-02,7.178373096832335598e-02,1.167078947309501957e-01,6.580102081269154080e-02,2.641880452828082940e-02,5.989844561992892225e-02,1.192724577147750431e-01,2.603558926033238546e-02,7.889777679613185768e-02,2.333581786821170914e-02,9.746867819248410114e-02,7.356803524374647130e-02,5.903127799254850872e-02,1.669442563336558827e+00,2.132888748767276965e+00,2.006868226690894819e+00,1.967433565506331528e+00,2.290903347067956730e+00,2.016685188485928482e+00,2.388566884161539061e+00,2.313629132908749497e+00,1.827872832273809145e+00,1.609435482457362232e+00,2.273746652524646805e+00,2.356825676406558046e+00,2.107857112374422304e+00,2.073722001718490304e+00,1.732837834166154334e+00,1.689536934650421873e+00,1.773629048308933864e+00,1.877718837256776130e+00,2.364806241328503145e+00,2.120689975046324616e+00
9.559930907583005788e-02,2.829454921220590433e-02,8.699266671443102450e-02,1.045831772363653295e-01,7.270251992281984155e-02,4.529272639520120353e-02,3.130403305828027838e-02,6.165055095578005073e-02,6.079633180000219850e-02,8.310421763760542091e-02,1.191219760264170813e-01,1.040189862352292188e-01,7.508866959462066892e-02,9.181497687082663950e-02,3.194453948481171257e-02,5.907059384004983982e-02,5.988874655398393476e-02,8.689109230647115711e-02,8.751754457796902253e-02,1.048508963116526610e-01,1.868107037933191661e+00,1.831661583271179561e+00,2.300775286580657220e+00,1.983281240850214067e+00,2.314901893584041304e+00,2.299985263853807638e+00,1.924543821642494379e+00,2.139819667496232647e+00,2.165795009083349321e+00,1.759696996944098979e+00,2.064178689983951820e+00,2.341965898177057248e+00,2.257094342219702732e+00,2.266853918054132500e+00,2.222236525608573654e+00,1.941178278317084782e+00,2.167329105572436188e+00,1.911073878226213107e+00,2.081387104378412456e+00,2.185552096482277662e+00
7.889999849193224390e-02,3.843196176807690823e-02,4.212079431515650813e-02,2.794206407028464872e-02,6.837578484726587746e-02,8.169540695961116650e-02,1.143777439460654938e-01,1.006384202894990837e-01,1.122301048371985299e-01,3.837385681124666492e-02,5.121423101887599000e-02,1.158060744212457693e-01,5.977270290877910452e-02,3.764539698365675091e-02,2.597396746187974684e-02,1.044772955630600408e-01,7.721532953849016834e-02,3.615091027907923332e-02,1.133408874837688596e-01,1.031458863163289136e-01,1.659311229823500433e+00,2.399407683486585618e+00,1.736829924123638236e+00,1.958384493779376845e+00,2.346552023391853758e+00,2.106572033360924578e+00,2.067089536835404751e+00,2.238901021821876114e+00,2.106602959353376825e+00,2.262380748681456222e+00,2.031624945867549048e+00,2.027312766311559766e+00,1.915016109713560954e+00,1.933693218624862098e+00,1.659520333974060069e+00,2.079364923400143894e+00,1.876095563039784198e+00,1.642249200090656780e+00,1.782605163065125842e+00,2.175923938946199510e+00
8.333046429122600851e-02,8.049080573573455522e-02,1.032414362571536515e-01,6.883715640224732923e-02,3.882053657324901347e-02,4.781517751493018914e-02,1.055430386002462473e-01,2.277668451571415731e-02,1.086801738461499744e-01,6.347145208355399471e-02,5.760750537872624810e-02,1.035366867271297481e-01,3.967894846216786509e-02,2.083133270543488513e-02,1.076895108884964314e-01,5.065151928785714686e-02,5.711670351630902809e-02,8.019874529723319823e-02,8.166798850634345019e-02,4.986283273461522558e-02,1.644135233739621116e+00,2.198759050600898490e+00,2.230135550151566726e+00,1.646250904235665891e+00,2.075837545665777384e+00,2.136484884978524068e+00,2.267275575493622242e+00,1.661683061895546709e+00,1.685951671959289300e+00,2.071057290176404830e+00,1.988218673952745874e+00,2.264810739220759928e+00,2.301505954708663815e+00,1.757689563815657108e+00,1.636620070925123738e+00,2.177074712985897165e+00,1.741067270638696041e+00,1.646867278370354848e+00,1.995079945591612169e+00,2.201735389438083335e+00
3.915827381724769352e-02,3.604548766214092648e-02,9.913375182298522770e-02,7.130248527052576724e-02,1.131219192242300248e-01,7.967515376729723819e-02,7.985911511506833815e-02,8.018883196368545296e-02,1.187269515306160067e-01,9.382507290828538682e-02,1.100186948717252755e-01,5.087420799997287302e-02,9.542025496761633030e-02,2.729025770182502003e-02,2.570323070477887120e-02,1.127651875473889842e-01,1.117243118011578967e-01,4.367571063882879495e-02,6.407053973531451341e-02,5.748417547139897388e-02,2.074936195909181436e+00,1.787145764021739636e+00,2.115852824667667775e+00,1.748400391725232428e+00,2.259591594139572113e+00,1.980548127073747056e+00,2.206757953908896397e+00,2.294916256919362851e+00,2.228969577366258115e+00,1.771221455521175603e+00,2.085574932920278179e+00,2.182757787867005916e+00,1.617162729619577632e+00,2.112552418177399360e+00,1.693227151227901572e+00,1.897346218653629180e+00,1.899455019113938103e+00,2.098766676883587756e+00,1.741989813834813772e+00,1.697970663361408672e+00
3.490886389725869621e-02,4.809915655224047959e-02,4.664202252817565425e-02,7.881923825657938254e-02,8.806143980598393761e-02,5.825182830488205565e-02,2.077927074084381931e-02,6.820949503825803062e-02,4.384069414173635826e-02,8.345602746640150282e-02,2.904405758646981181e-02,6.681323153811673243e-02,7.513691382196444057e-02,8.572268836293397976e-02,2.910384100752519410e-02,8.265242306295389474e-02,3.200712930291114283e-02,1.186760963378790529e-01,8.113096541675099416e-02,4.704748988165322748e-02,2.354015891383422154e+00,2.172183788332930465e+00,1.671873956437140762e+00,2.168908174057211369e+00,1.966929395586813678e+00,1.764937203593055726e+00,2.011214309609347772e+00,1.759766644539330738e+00,1.919525173616471569e+00,1.924775102479947986e+00,2.252916194353985269e+00,2.064406213734874207e+00,1.983452752163516353e+00,2.213313682882735112e+00,2.279912435839055451e+00,2.007182897088918061e+00,1.824835690638501706e+00,2.196362051946632477e+00,1.862848160155069044e+00,1.999140437387809222e+00
5.910852817948579474e-02,1.123035353363687483e-01,6.935623307658686509e-02,5.430228513359600107e-02,1.078264906767416181e-01,1.110465165980858704e-01,1.013329357735634345e-01,8.729374794422453676e-02,1.115558530595574110e-01,3.532861051805655933e-02,7.352798002983455816e-02,8.031629118209640539e-02,1.198242660611885807e-01,7.078365495721983258e-02,3.169716752966354051e-02,4.218233597453716066e-02,2.753191251514414475e-02,7.340655378895828698e-02,4.920854258641885887e-02,1.055370914418657102e-01,2.233248055919329733e+00,2.325686198858165188e+00,2.131300542073752968e+00,1.602222612594398798e+00,1.886194471877571166e+00,1.920242922014216091e+00,2.182210743120693852e+00,2.176189888711707709e+00,2.391538916319385422e+00,2.104982746747235733e+00,2.297744757195133047e+00,2.396998228692150512e+00,2.039483037562126011e+00,1.705648595674303269e+00,1.936495071045633676e+00,2.004935955871870235e+00,2.356758692088857465e+00,2.222695507358840139e+00,1.699050260510610144e+00,1.714834548165855344e+00
6.249718313027149974e-02,1.112183751330278886e-01,3.304039917049446384e-02,1.152964654961395330e-01,6.130094239475744611e-02,3.596460607476845150e-02,6.493504002388479635e-02,1.176636090881845037e-01,2.043501384529112022e-02,1.146240596316489557e-01,7.493537682199312433e-02,1.045178244720460781e-01,7.200657644034999527e-02,9.505851451704890043e-02,1.183671596346213828e-01,9.366605052220136618e-02,1.158566876023539721e-01,3.726644021990989375e-02,2.060256778265721553e-02,5.530574387236868172e-02,2.049050352027596666e+00,1.858829636923537754e+00,1.993892569548961990e+00,1.682300008574446393e+00,1.954365233415234826e+00,2.145690332074098094e+00,1.863896394811488166e+00,2.014554871348437359e+00,1.604247005819734451e+00,2.385050936646055497e+00,2.353489091783968590e+00,1.894161179808355300e+00,2.068438931640095291e+00,2.049903011133242359e+00,1.603121492495916955e+00,2.185680586643730550e+00,2.113046355698763978e+00,1.723098465912618948e+00,1.863977112890682353e+00,2.304617809695504782e+00
3.977221575718789537e-02,1.184921993321224332e-01,7.139020973312934504e-02,8.709442452755791764e-02,1.087906300911535840e-01,1.091027612233202854e-01,3.813565627439202688e-02,9.295514643220068041e-02,5.772755051567546314e-02,1.117483398272604844e-01,3.113341379260643749e-02,5.032502561934102531e-02,9.987242837526759398e-02,9.162013443704132565e-02,1.027089980740946290e-01,4.274397063854637469e-02,6.590238885652908996e-02,5.420350609007425213e-02,8.173729231998214106e-02,7.579221843659125768e-02,1.767934014814347199e+00,1.893422385145022258e+00,1.705638294413128087e+00,2.372508192940192551e+00,1.794334322695996464e+00,2.315122534028220436e+00,1.763710211959819141e+00,1.687273821028243193e+00,1.905330645167885084e+00,1.992498426232927278e+00,2.296466945591646436e+00,2.202825689248769425e+00,2.072045464533492254e+00,1.814780579535827831e+00,1.918942217722497956e+00,2.167173296710428687e+00,1.659531817342467130e+00,1.970360677677684302e+00,1.855167700148750765e+00,1.628632659562676999e+00
4.551754946952960013e-02,1.125995595920951942e-01,9.752951341878343672e-02,8.594630914994015602e-02,2.531339326881004020e-02,4.999481745421259504e-02,8.041046883011286617e-02,1.038121250326620448e-01,7.191855384701889564e-02,6.965271636356284990e-02,3.111055430119236478e-02,9.408693065955107959e-02,5.156368766268705495e-02,2.226001399625295030e-02,1.151789452788336554e-01,8.589053101485343011e-02,5.936033786330856266e-02,3.560282365534494370e-02,3.675194168629887514e-02,3.657180109476092233e-02,1.872477133049403220e+00,2.356216042020676582e+00,1.772713359978856262e+00,2.143014593793326927e+00,1.727457463790218029e+00,1.696368165897684355e+00,1.903796808753260184e+00,2.175958316800870929e+00,1.614737092413072617e+00,2.173605855935757170e+00,2.077349043226546232e+00,2.135193834957845205e+00,1.984931885999775769e+00,2.251888731300786706e+00,2.118118630885330589e+00,1.679239113354668023e+00,2.015289201435239264e+00,2.170549614313977305e+00,2.352274566035080561e+00,1.938541841612089645e+00
4.485087185638009233e-02,4.079636580956874647e-02,6.549697028033557578e-02,3.683455760212200891e-02,3.384765075633742321e-02,5.753456069056243904e-02,5.487682727018354523e-02,6.019278046799296511e-02,6.148752787122441221e-02,3.537868737675416153e-02,1.174456337194189764e-01,8.182572386864848946e-02,8.456165981328221670e-02,7.946199452277868946e-02,8.739663812989301173e-02,7.084778703832374236e-02,8.740496474014307349e-02,1.112471968140978096e-01,3.398965786320477106e-02,9.841270522437406409e-02,1.883425676682845218e+00,1.775659161206382120e+00,2.025307898100426662e+00,1.907387792119872083e+00,2.103709856717776105e+00,2.082381799528078226e+00,1.856465351354564586e+00,1.673675778071714415e+00,2.066117071324710341e+00,1.919492527818753791e+00,2.317641249741448028e+00,2.379627022112183354e+00,2.225406174493403277e+00,2.275720247595340417e+00,1.941299480390739518e+00,1.865014902687359921e+00,1.661305464439566393e+00,2.048542736558643718e+00,2.164989400156257737e+00,2.231194489626552979e+00
7.166622723059271061e-02,1.145594663712476841e-01,2.063565496217441633e-02,9.105676859363280584e-02,7.592908861614926230e-02,3.264585217088810526e-02,9.159982927160800759e-02,3.621240063184189006e-02,1.157895845910496824e-01,7.171631344626842874e-02,6.958927619305470269e-02,6.381973585713822394e-02,4.641948549286174786e-02,7.069182083454107757e-02,9.862000702298624744e-02,7.156532926884522083e-02,7.772776328430883175e-02,3.484602268819878695e-02,2.063073212927610256e-02,4.125594256907504781e-02,2.247312580975902918e+00,2.397419473161773062e+00,1.657530392511093575e+00,2.293159832636566975e+00,2.331412324765714583e+00,1.934960422850760420e+00,1.853187261238021133e+00,2.020427020410211494e+00,1.699891994876659318e+00,1.838907611481852111e+00,1.904295803769555429e+00,2.131245394254155823e+00,2.178852566264955382e+00,1.780014464295967214e+00,2.157739492378754065e+00,2.141825983489041629e+00,1.920006974313326786e+00,2.012174462065411618e+00,2.278392737773475396e+00,1.926360319659557341e+00
4.551079551623352093e-02,5.453495740543901071e-02,2.913309432409353847e-02,8.397600690077687557e-02,4.247530611340377682e-02,2.265976214625171903e-02,4.251203392214308874e-02,2.499233047250307149e-02,9.926316957395404927e-02,4.033789073342602949e-02,8.829186109806867744e-02,6.023787655912359040e-02,9.043217174042797457e-02,2.275667268168508894e-02,4.459688204001052703e-02,1.038140776817449429e-01,4.055353866430368159e-02,5.438430273791343417e-02,5.899365295718204949e-02,8.758697649784007166e-02,1.980736630745772331e+00,1.765530584011522297e+00,1.802264902186743845e+00,2.292712917084694713e+00,2.163262997253226239e+00,2.044413921133109380e+00,1.612156183409142685e+00,2.031752150267812418e+00,2.125128503956122294e+00,2.335050291990452997e+00,2.188019839277883793e+00,1.829192064131295092e+00,1.802012586593054300e+00,1.989598477390804643e+00,2.139340262990241381e+00,1.642021930681689446e+00,2.255694681104163379e+00,2.238952857633332627e+00,1.883987026335689707e+00,1.693737507899032435e+00
4.701024703617021766e-02,4.807297251085708434e-02,6.831767857050373427e-02,5.886054992101483196e-02,2.052580907023038650e-02,1.154532698087467474e-01,3.640787710471662941e-02,4.758605255908457399e-02,3.304759362412508505e-02,9.358798766211971765e-02,1.035730608057440633e-01,2.333774334453544985e-02,6.352928877963823218e-02,7.913611658468637511e-02,8.071792602170858866e-02,9.154805226682811992e-02,7.442888316755669198e-02,2.799106741475519342e-02,2.660777526267186707e-02,1.037096009878367975e-01,2.189577392378405207e+00,2.193676104078676747e+00,1.934890638673816055e+00,1.863160708324052006e+00,1.894325778179740460e+00,2.343868279420508571e+00,1.683135783181615830e+00,2.161492016638038471e+00,1.716704032931933410e+00,2.279036087937586608e+00,2.136107127498442892e+00,1.811286857441839704e+00,1.704592828079311007e+00,1.620389945304817392e+00,2.256409948691864731e+00,1.801296678334149082e+00,2.203340570052917613e+00,1.953658618573842265e+00,1.662764210123199415e+00,2.281940580628501358e+00
1.130830501201663119e-01,9.697430723776262473e-02,9.046962151614845737e-02,9.486631665886643971e-02,3.761036673810989883e-02,8.363747480138354617e-02,1.057563072614110672e-01,9.959720182473884298e-02,5.099137991173155471e-02,5.744190802265415619e-02,2.876095827074890907e-02,5.887726803995342595e-02,2.244967967244211604e-02,2.474172163977643099e-02,5.539932088067851812e-02,3.540520282457366996e-02,6.227830563230139782e-02,6.137353059661830590e-02,1.020713433349154098e-01,7.691021909624976005e-02,2.368837696477466004e+00,2.346310604783372611e+00,2.330534494830126757e+00,2.069356614279800777e+00,1.646692892554685317e+00,1.670995639449224246e+00,1.766583638228128805e+00,2.036791179790512718e+00,2.147971542865453998e+00,1.890148454215114793e+00,2.208973482347640793e+00,1.916983407278094909e+00,1.723377456451104628e+00,2.283079743006419360e+00,1.954848824129840956e+00,2.282056317836342441e+00,1.772769428757306587e+00,1.722480003719925268e+00,2.017201648017688420e+00,2.015114346481007956e+00
1.073790662085092606e-01,5.989754555404024072e-02,8.727486318615680638e-02,1.024184129364330981e-01,8.522430272415219832e-02,2.760761155005756959e-02,5.226488499439913005e-02,1.009252763923229462e-01,1.046959984449719328e-01,7.048000537037928115e-02,4.421202877852564023e-02,8.283307353264839079e-02,1.064126782698608387e-01,9.142885688083957074e-02,5.511884470458010277e-02,7.462820135620064355e-02,2.544079502785582744e-02,9.771992208329748075e-02,7.680909682380598902e-02,9.934025622495233632e-02,1.999897363385868987e+00,2.166721841938162640e+00,1.915978985902857090e+00,1.853416152036645670e+00,2.149475727363189037e+00,2.146443260966840683e+00,2.288195169413429042e+00,1.637101007018913146e+00,1.620813969261311716e+00,2.353581277701464636e+00,2.327067165170852547e+00,2.020531090413346664e+00,1.886690552552354516e+00,1.885750212105268497e+00,2.028357848683278952e+00,1.911519735174651125e+00,1.820533947532877894e+00,1.696717260645114633e+00,1.950900634861399530e+00,2.262627322353129689e+00
2.632795354809647562e-02,1.177644662753601357e-01,3.723724083293820930e-02,3.645097970310339636e-02,9.234007863989297793e-02,9.484233922246661230e-02,5.566396298127113118e-02,1.077232872461090785e-01,4.378804562531279920e-02,1.036845822477774071e-01,2.135783007977912207e-02,1.061341432634699405e-01,2.665747104164255948e-02,3.585126705213856346e-02,9.792373539733731369e-02,6.557693112970287841e-02,6.677803892192619994e-02,7.940955383222067510e-02,4.977880264821953060e-02,7.138242862749007156e-02,1.808646147443474961e+00,2.261827450691189512e+00,2.043862405811244898e+00,2.093074629849990931e+00,2.375012551073678591e+00,1.792923334729163098e+00,1.911573613084130319e+00,1.753473522897649239e+00,2.265401317184020158e+00,1.968194780762096752e+00,1.706325532068696527e+00,1.931465984171560679e+00,1.838353579540261684e+00,2.386041833097054088e+00,2.305385574234239954e+00,2.126064786652410277e+00,2.079517321903743721e+00,1.798242540254358479e+00,2.360109967321680990e+00,1.657206618101649820e+00
2.712264420475042626e-02,5.603810083668048225e-02,4.423563036643417962e-02,1.006376771126188396e-01,6.395628585206949990e-02,8.365906867560499172e-02,1.112332784610275127e-01,5.066859646663680883e-02,5.535124115349103480e-02,7.919055057506517448e-02,9.980348925936148585e-02,8.511053162659949767e-02,5.127232584539419269e-02,7.438525408500501479e-02,2.827766538166769789e-02,5.685027162076863871e-02,9.128954350162156450e-02,9.011060525765494933e-02,9.124771647698022570e-02,3.834723577732650213e-02,1.897303609700327298e+00,2.368626599044518777e+00,2.199034075609138661e+00,1.780871561196363473e+00,1.814958455085399214e+00,1.868776463750762229e+00,2.249157739042398685e+00,1.915512307040960094e+00,2.144278172518731651e+00,1.993931441260216264e+00,2.300756743125074610e+00,2.273271236796141181e+00,1.889397229486921459e+00,2.355225557393127112e+00,2.303845572821473731e+00,2.306725881388004495e+00,2.099172888445091534e+00,1.792734155822006237e+00,1.809291484036495312e+00,1.930344216824524839e+00
7.488942138593221443e-02,2.809748079089872605e-02,8.806301412066334933e-02,1.157449587343779424e-01,7.292589906131284605e-02,3.035496622208143022e-02,2.237018830408442002e-02,7.166011156033076646e-02,3.209496676662890180e-02,4.658692551330565618e-02,9.543605207898382681e-02,4.221154559850061327e-02,1.191910038101739733e-01,3.098056482163546316e-02,9.907771646623013406e-02,5.378738253885642639e-02,6.789044201706032067e-02,8.033227553981048263e-02,8.371844895076233084e-02,8.983601984566397247e-02,1.601998061252204675e+00,2.107411936213526626e+00,2.307290065331039308e+00,2.088396256954760499e+00,1.652624127568695700e+00,1.789866322976327195e+00,2.180057575293471661e+00,1.646826968890625187e+00,1.771154625358187351e+00,2.200252206699784274e+00,2.164762169003465520e+00,2.156561263234183290e+00,1.781938754805356684e+00,2.297618454844413627e+00,1.836995978695788123e+00,1.768980935502063589e+00,1.862042276921634487e+00,1.695030660599098127e+00,1.968501138176083742e+00,2.064860483930951229e+00
3.397412273434322755e-02,8.261497397078003402e-02,7.435003237101006635e-02,1.105467909404929394e-01,1.152683929276901720e-01,9.892542187904022899e-02,7.647117123604232902e-02,6.676757309542633023e-02,1.075576029648054044e-01,7.853164561199739435e-02,5.542447008966717992e-02,2.471147114628073280e-02,9.076779092870000676e-02,1.052873578964308443e-01,9.553296977702639692e-02,6.297275106219893392e-02,2.326322483272093289e-02,2.389636856954371891e-02,6.266409164954271638e-02,5.681822762210213262e-02,2.140729698142649795e+00,1.908414599332961314e+00,2.369491781256718888e+00,1.793972850368957372e+00,1.775314735490800766e+00,1.730094589166897290e+00,2.364920486678840028e+00,1.709892906073730012e+00,1.782627615719127423e+00,2.252477764082366996e+00,1.747338365535253235e+00,2.016598625352573393e+00,2.368818028875572246e+00,1.649376125213910305e+00,2.334184693588263304e+00,1.835880717522073491e+00,1.646788533327225856e+00,2.167963249186329655e+00,1.730633056172181883e+00,1.804888726991543235e+00
9.286286769240646721e-02,3.844489339304651282e-02,1.043529939805376283e-01,1.190337890552102540e-01,3.840722632323068098e-02,5.726070944016524444e-02,1.106571861903841852e-01,8.265034481402806776e-02,7.316355613424235793e-02,3.937096428487812244e-02,9.995634535798073039e-02,1.158216505174474442e-01,2.940406658057074726e-02,9.319580492509506320e-02,5.512744826670136489e-02,7.960246428542787356e-02,2.888898682262996259e-02,1.089343965618059240e-01,9.331109237975486470e-02,8.164980074094263518e-02,1.731424812749203124e+00,2.108229873292045031e+00,1.663900564525157222e+00,2.223533176843312198e+00,2.262140493505031991e+00,1.601210968031674176e+00,1.681687241123184462e+00,1.727147814033276552e+00,2.354421521227947345e+00,1.954010555677833327e+00,1.616098697560835129e+00,2.045325090536528112e+00,1.839430915500180230e+00,1.939327983111974518e+00,2.021194905725100188e+00,1.879239810332699934e+00,1.712443998167854531e+00,2.172628756519803250e+00,1.839423203887022407e+00,1.926341087240780903e+00
4.006207302203895759e-02,3.087016891623017151e-02,6.734476731132987837e-02,1.126799304038317018e-01,5.598550575661019602e-02,2.446086144280862698e-02,1.149745265501465469e-01,9.412897073995310504e-02,6.009233459330907967e-02,3.594588679779894824e-02,6.467780797243130597e-02,6.520133987673690235e-02,9.886247721884848516e-02,2.850612154683719590e-02,6.909035429880640289e-02,1.062821003068580711e-01,1.137090278374339042e-01,1.072752884743889551e-01,8.130536028984407249e-02,8.090960502950825251e-02,2.061954785147312563e+00,1.764179729430725763e+00,2.123930198405894920e+00,1.777741985386386281e+00,1.967043846828638198e+00,2.005825204772602621e+00,2.395451597571323976e+00,2.379806027153078318e+00,2.332702481325122257e+00,2.070459535242648030e+00,1.659032960484713382e+00,1.969971517427770102e+00,2.113981800329973737e+00,1.994480534645199921e+00,2.089005152482433569e+00,1.959152522103184690e+00,1.952858905200419715e+00,2.367285173072078308e+00,2.021437212366225200e+00,1.742176995644713289e+00
9.402263311863041928e-02,4.352432381830187436e-02,8.330401763986344799e-02,4.247990334315505934e-02,5.657970571876742849e-02,1.144388523057433826e-01,2.455933565713427913e-02,5.232438636269173826e-02,6.250575438176722565e-02,3.441819549762036717e-02,1.167019217370826589e-01,4.120744021586041778e-02,7.660870085888357717e-02,6.412124202607312473e-02,6.538374467474881990e-02,9.991491612445915771e-02,2.693832744862534670e-02,1.145993561177210684e-01,6.013724094900187167e-02,6.154136290944368926e-02,1.994269640175792446e+00,2.099154989366391888e+00,1.798776685373614237e+00,1.869707372589508809e+00,2.380329666343683481e+00,1.838287824921945424e+00,2.275614048166965109e+00,1.678276783972530328e+00,1.842453183630679447e+00,1.656546297542567325e+00,1.672946872499822435e+00,1.999006860499706439e+00,1.857476947370290343e+00,1.878617866670413861e+00,1.652746777746556317e+00,1.748879105512889165e+00,1.693250355749411185e+00,2.030074641507082500e+00,2.285680076214136047e+00,2.156135439408207510e+00
8.073866917742267280e-02,2.044857250412132621e-02,3.417664359181238343e-02,1.185658936012218556e-01,9.502635843685387773e-02,3.044143227741011315e-02,9.294849411249367366e-02,9.056544780938480255e-02,9.939036936381373533e-02,5.855095739853297121e-02,3.486890460774504791e-02,4.694304955367817334e-02,6.847274433158785645e-02,6.729085762733350018e-02,6.196553538751084500e-02,8.103267351555458464e-02,9.969879789225638556e-02,3.267796993124786470e-02,5.349799285591584630e-02,3.850511380679676882e-02,2.066825288756463763e+00,2.376336462518668036e+00,2.354140532529160446e+00,1.908422468173172293e+00,2.083707250599061922e+00,2.278882255817406666e+00,1.722016215945938900e+00,1.662128528543172612e+00,2.241070746268983616e+00,2.222017917892507022e+00,2.388563258920451293e+00,1.894010294066803546e+00,2.306423163676944554e+00,1.834546492005857843e+00,1.862482437456095763e+00,2.274624642426594789e+00,2.189849463760729087e+00,2.202006422460164536e+00,2.201590543398545652e+00,2.364796879553576314e+00
9.166797354466356407e-02,3.482135697228192633e-02,8.644173745035176049e-02,8.896452680423153070e-02,6.465326728639445020e-02,9.469226087026894056e-02,9.780313369532404877e-02,1.104838096938149106e-01,2.977694967451982935e-02,4.896741665066881022e-02,1.088023033674232337e-01,1.177963860955211356e-01,1.031215738765621087e-01,2.654890176593828477e-02,5.730973939104860859e-02,4.537577223826760875e-02,4.856573804435573849e-02,4.929433458481631558e-02,6.174460498943293296e-02,8.140306840188513138e-02,2.126598216502766370e+00,2.334308685525588345e+00,1.934452892568282012e+00,2.325880086349871423e+00,1.747630352239669449e+00,2.321370936892928505e+00,2.089456167616898341e+00,1.929676758296072547e+00,1.840014183674045345e+00,2.023558443952166996e+00,2.020134923348333000e+00,1.826215702924320228e+00,1.780345008288821251e+00,1.634523855611958565e+00,1.926303678144143605e+00,1.605664328051245926e+00,2.371945032856559443e+00,2.389447958892493062e+00,1.611778537325450067e+00,1.724887921012133951e+00
6.195976413736649369e-02,4.115142095544528644e-02,1.150017494875601037e-01,8.141038377343969012e-02,5.745777550092133479e-02,2.311773001842459124e-02,1.199442638114400217e-01,1.036966041136790362e-01,1.145338713458983054e-01,5.849742672855892667e-02,7.839903396879038810e-02,9.699690562386652226e-02,5.493063926312206913e-02,6.602780783686490462e-02,1.183862075800199559e-01,4.656626304062871924e-02,9.674716199492820745e-02,3.939758049581111587e-02,2.464638328877048409e-02,9.263518353833913310e-02,1.824804156396284682e+00,1.642440469653640989e+00,2.194654521560733151e+00,1.741949929989061507e+00,2.078409693216846321e+00,2.135304773740778650e+00,1.942390614906194912e+00,1.816915343838961583e+00,1.914195852208472992e+00,1.897332876913782496e+00,2.289558361716689028e+00,1.783619082158731439e+00,2.357790317489655063e+00,2.019323463817097153e+00,1.824073015950521404e+00,1.951285579551702121e+00,2.015271298272782285e+00,2.074160336820787709e+00,1.837178260888083337e+00,2.117151669906235156e+00
8.864397560606293580e-02,2.635581870959584003e-02,1.105268329728302662e-01,1.102716095791109741e-01,6.624580700098912922e-02,1.027490725376823122e-01,4.056240905247900097e-02,7.856969802745314424e-02,1.135520230717191187e-01,7.569316291281738551e-02,2.756401875778080948e-02,8.071514973019294770e-02,1.130504345363487345e-01,5.464778737717115864e-02,3.985895363863135865e-02,6.126144217153182969e-02,6.462954454334697563e-02,7.744857763644243109e-02,4.226823210563166594e-02,2.654338555470019817e-02,2.207384388806224784e+00,1.799211036508657768e+00,2.369233464304677739e+00,2.154001039807300177e+00,2.275489510445904084e+00,2.142921684965323426e+00,2.327214497136294025e+00,1.646161367411205667e+00,1.993909526367241059e+00,2.060775474349399783e+00,2.267845167524526584e+00,2.128751754804754093e+00,1.737077093818133910e+00,2.198980221666192669e+00,2.218860279027476956e+00,2.106388608265554740e+00,1.803541912824269344e+00,1.935094683598578946e+00,1.770498166332842738e+00,1.641299947727978159e+00
9.555256994663206827e-02,6.471947807210556847e-02,7.556205703581735100e-02,4.786045440659347089e-02,2.518268806786070832e-02,8.080933575537080360e-02,3.966531108569776309e-02,9.901970659241803030e-02,9.407920206826096698e-02,8.249984570669124939e-02,9.612093253620046518e-02,1.108595582503816568e-01,9.109591697781799224e-02,2.773029667293724215e-02,7.593347821245255425e-02,1.148429413883646916e-01,1.031250403971183394e-01,4.083804837629800150e-02,4.271167531097209979e-02,9.145014020181788106e-02,2.230728780198282468e+00,1.882250724332277914e+00,1.809838460078776690e+00,2.248923543611703213e+00,1.662613755760546042e+00,1.795546749483397209e+00,2.063834659422377982e+00,1.805017477317829133e+00,1.938714379799860721e+00,2.160995821240720982e+00,1.681874495184238150e+00,1.726316217981662682e+00,1.834571066604153033e+00,1.954748847680662704e+00,2.144870370031344287e+00,2.186766046981204692e+00,2.306451996325209919e+00,1.941480170183882192e+00,2.135715964447696180e+00,1.923148945534720156e+00
1.076368096827398646e-01,2.610751138981466657e-02,9.393305382342674592e-02,4.917444927783408415e-02,6.020878081783716251e-02,7.891179740697365497e-02,1.144239553762068234e-01,2.631630977473926880e-02,1.114190951658997897e-01,6.402757804995562463e-02,5.271566722630413593e-02,8.534126697676580608e-02,5.369854447448114965e-02,2.234412947262129356e-02,8.635750146627764467e-02,7.866142091104014189e-02,8.614493800503088272e-02,4.572495551308933259e-02,8.768334925788469347e-02,9.851186270431824821e-02,1.823318906509505011e+00,1.606370858981728045e+00,1.788890103450641700e+00,2.375303797407729789e+00,1.876022253588428779e+00,2.236868338602186590e+00,1.985744688523970680e+00,1.627060252414220587e+00,1.680749689717132789e+00,1.795617067615384421e+00,2.038634965593981718e+00,2.078250089377556620e+00,1.878641911660674957e+00,1.951158545263547373e+00,1.968963102706618118e+00,1.643700292161937693e+00,2.106173741030063162e+00,1.907512462167478162e+00,1.826290759794617635e+00,1.626605636477374439e+00
8.815735697503511437e-02,7.853584692804284340e-02,5.014492417172325411e-02,9.402258480083361403e-02,2.149609200891261854e-02,1.071131798240757826e-01,1.069930778393158727e-01,9.970746162538418611e-02,9.368510553230614823e-02,2.334317678473814273e-02,6.721569046111025569e-02,1.066163808155618370e-01,2.929926755915532310e-02,1.116194638172711834e-01,1.025307409426356314e-01,1.142433978090456603e-01,1.176274670438250680e-01,8.076762602809105240e-02,5.253839236719833050e-02,5.463199842822473451e-02,2.265277004750271050e+00,1.825754964624192622e+00,2.279022979351028155e+00,2.069961160756158769e+00,2.053632527445022227e+00,2.082627806982151331e+00,1.921967297605215785e+00,2.019073114410300462e+00,2.387755443196350580e+00,1.886842351936739437e+00,1.849570635678870811e+00,1.944415156868634531e+00,2.303984203135024167e+00,1.828723785491012999e+00,2.375706255377174170e+00,2.021186190897700463e+00,2.121381064545099449e+00,1.822435334281393926e+00,1.815152259113370858e+00,2.028529859121696255e+00
1.117211338840175122e-01,4.470217651825483807e-02,3.628613901015902837e-02,1.085679698488117018e-01,5.903526129368241726e-02,6.912739757004651708e-02,1.004541903817439685e-01,2.635671499248625621e-02,5.583772405990883314e-02,9.501403740082838001e-02,6.361834229647779504e-02,1.076039020171467575e-01,4.411478507012647765e-02,2.856851458171380531e-02,6.948060598468344673e-02,6.401318083409014703e-02,8.621609237234315049e-02,3.470317204876419842e-02,8.349062396559586707e-02,9.745135596059399663e-02,1.734473419706685338e+00,2.283761077838992293e+00,2.253041585664892654e+00,2.342311159542767918e+00,2.356120103185213033e+00,1.669024392089598852e+00,2.004856281867072099e+00,2.162267491469259895e+00,2.085286478709002633e+00,2.137997067259592043e+00,2.305063470003379411e+00,1.802066644121710359e+00,1.742464069499294999e+00,2.041169691514113538e+00,1.610976084492849569e+00,2.310122013904202909e+00,2.371164874832472513e+00,2.223804953786045147e+00,2.035072083487733607e+00,2.388651494826091959e+00
7.580931273591363928e-02,3.561011299333510793e-02,1.039980983193992542e-01,5.424024715950220843e-02,7.959971955319777859e-02,2.068716539270007426e-02,2.408351991965733060e-02,6.537856489984381070e-02,4.170395245860566980e-02,1.159074090141028190e-01,7.985653330279507411e-02,9.344370888284682375e-02,8.256483949250502385e-02,5.700348519569055361e-02,1.092728515020163632e-01,4.882215467045458723e-02,1.114677146549451492e-01,4.498214496546257268e-02,4.081504330345911424e-02,6.257527262306117333e-02,1.735348547057111279e+00,2.339007519360440490e+00,1.800882865355979856e+00,1.692549230663240811e+00,2.194217751091494861e+00,2.351608465016453486e+00,1.856617297437244796e+00,1.949061365712940974e+00,2.236234015721702217e+00,1.674725362925216787e+00,2.019051286790902733e+00,2.140160294661156204e+00,2.179978620733188155e+00,1.715493459455310621e+00,2.297217451715174441e+00,1.910791066432930174e+00,1.910873056191354724e+00,2.251473767314661423e+00,1.916180763169538004e+00,2.276883225142245948e+00
1.017450622982577907e-01,7.223214461458762892e-02,1.100728329453390386e-01,4.253039963376670229e-02,3.131664593933206758e-02,1.046444448333643390e-01,3.203608636796978493e-02,1.183792107887104844e-01,8.883189925973761225e-02,6.069104719121065639e-02,4.266678086993297425e-02,1.061338620005356226e-01,2.952012606669485520e-02,3.754276842738749065e-02,1.189141924863168220e-01,1.021935673007220435e-01,5.373998474346446119e-02,2.885522967276550610e-02,4.540871669365333096e-02,5.751019409777916036e-02,1.639726777382877199e+00,2.070697805455992135e+00,1.997606839183083904e+00,2.129214954093305856e+00,1.698986559152335207e+00,1.853846347927712523e+00,2.243752640814509203e+00,1.655374664622820680e+00,2.252006361722591610e+00,1.924339235839048534e+00,1.925498712927966150e+00,1.610222066259757057e+00,1.741716561013247455e+00,2.039228156698496441e+00,1.779010324967789547e+00,1.885132818437732505e+00,1.937950318962133212e+00,1.703128518590557583e+00,1.629689231165036389e+00,2.290717254344364129e+00
1.006540924372545803e-01,5.712211798789618156e-02,6.568398254523005741e-02,4.383466708295159775e-02,1.022376556675412690e-01,1.035020778198302710e-01,3.438838169917505377e-02,1.178764457604618843e-01,1.066000089925279448e-01,7.705508528118704126e-02,6.749900474798292693e-02,4.038099313614050556e-02,3.564805455426298120e-02,5.759801232013253558e-02,8.208384075213212561e-02,7.828374709262078679e-02,2.427542019582000152e-02,2.131295435571916447e-02,7.266366372291968578e-02,9.583300082243860485e-02,2.091549618264027188e+00,1.623448249736792359e+00,1.622821428615449202e+00,1.859640410210411154e+00,1.631274109460827404e+00,1.929747620313416068e+00,1.782740089454580401e+00,2.014610521629967455e+00,2.372370791685820546e+00,2.322293061335280573e+00,1.923073776572883808e+00,1.679880013753058066e+00,1.871664749377195180e+00,1.911429221813233381e+00,1.968254205542247393e+00,1.619304977477001195e+00,2.235978794734045927e+00,1.622112121433651577e+00,1.739026906126494465e+00,1.914098779940582640e+00
6.632066909920322773e-02,7.092173477287481986e-02,2.816797783238185471e-02,2.346856107298087024e-02,1.131073512124102787e-01,1.135668211296392005e-01,6.374653064255096646e-02,1.178554946587039159e-01,2.850901054784352184e-02,5.284405620792831382e-02,1.004078572095500194e-01,9.518615090551660329e-02,2.215691194931511052e-02,4.118344041019089685e-02,1.176840134821394573e-01,2.042171491908863559e-02,8.730166763077815140e-02,1.021096098936326718e-01,2.851378439244936502e-02,6.990321925888541565e-02,1.883312753287441854e+00,2.281289669384769514e+00,1.958515106796144378e+00,2.311795089882008991e+00,1.688875915979167086e+00,2.121316176736962600e+00,1.990596603743031379e+00,1.604800979300952335e+00,2.016668461443443139e+00,2.023852490372586299e+00,1.836630082420780630e+00,2.018463359409162994e+00,1.679799284997540498e+00,1.916512315524247168e+00,1.696355713640391505e+00,1.742781482633189327e+00,1.681040363221693257e+00,1.842813804386236765e+00,1.798642419914069146e+00,2.068032516218050620e+00
1.195041037678837847e-01,6.240690468550783021e-02,1.066904803309374483e-01,1.086943245145851611e-01,9.862128722585873641e-02,1.046195138469792341e-01,2.390175526093775427e-02,9.238969137922586894e-02,4.061325918192990048e-02,7.518572109897912747e-02,8.906163918120173217e-02,2.157776081925666736e-02,2.930117364729504723e-02,8.136922608988697569e-02,1.180306106508402647e-01,7.117116365801814948e-02,7.991914878076132600e-02,3.496568810328594401e-02,3.588083270476077891e-02,2.006827917118649343e-02,1.781101681490328881e+00,2.269800258537478577e+00,1.616502664209000795e+00,2.218307067273124211e+00,1.715686502071925412e+00,1.858707606223821474e+00,1.737744844676562650e+00,1.714508638856170997e+00,1.667438701857811623e+00,2.239518211886952770e+00,1.815656485310027657e+00,2.101887217218139536e+00,2.283913440588397847e+00,2.236525516579646045e+00,1.610029263724059412e+00,2.251673718310107652e+00,2.112891215443678750e+00,2.226566757613044789e+00,1.755979320994897286e+00,1.729074624548029737e+00
6.568677597641262023e-02,1.113481443078551958e-01,1.009151240566952129e-01,3.410349986023306773e-02,3.692230566896745336e-02,5.061042374262712112e-02,4.378718530982871754e-02,7.024381044895869342e-02,8.222109031693822234e-02,5.972997894073676928e-02,2.748173516067579578e-02,3.775386514348393063e-02,8.810081539383854410e-02,1.115186186409101027e-01,2.951630929014479807e-02,9.880447494188750179e-02,5.657516724111691375e-02,1.083902101120862854e-01,4.550153972920195633e-02,2.204943378432993456e-02,1.754465923217530587e+00,1.660094445842439370e+00,2.031637813440243523e+00,1.685422150095691185e+00,2.012203767710732727e+00,2.197006145690489909e+00,1.696726870400206089e+00,1.901702853498733026e+00,2.383373208701671242e+00,1.740105555484525279e+00,1.823728145030484304e+00,1.866977246820396896e+00,1.883325389814022310e+00,2.205842716917267854e+00,2.344258823630366084e+00,1.756890631291678551e+00,1.625507500112682635e+00,1.621474832831604207e+00,1.837353578147684852e+00,2.065443949411174263e+00
9.112971126709548675e-02,8.299980952734616058e-02,7.738147961935613883e-02,2.903036451673044957e-02,1.061264721999609362e-01,5.856257701521257186e-02,4.019161953954927813e-02,6.804935792902301606e-02,3.137973414615402579e-02,5.260479230775931547e-02,1.077411093866259967e-01,2.523834260716478067e-02,7.397240697925459851e-02,1.174968445778612619e-01,5.320360260813862541e-02,7.939816531274122846e-02,7.704852136380617444e-02,1.072036113015204795e-01,9.679558895483640624e-02,8.330469041912806627e-02,2.369231999036882197e+00,1.616295647272015579e+00,1.964990595154674446e+00,1.783532423123113109e+00,2.037254882245126630e+00,2.051904069344224091e+00,1.682369113738606092e+00,1.882090533103374597e+00,2.339236429891920377e+00,1.826542821802630723e+00,1.714474233448346041e+00,2.283896327635607015e+00,2.346800831549884947e+00,1.900639000936396483e+00,1.604634642979637427e+00,1.931328777529849550e+00,1.907036419903497482e+00,2.177406266650748989e+00,2.087814111765124991e+00,2.107171735273626556e+00
8.174546028376203366e-02,9.051333366664178481e-02,5.117589415290067778e-02,6.481978610123681483e-02,1.111321792335662195e-01,5.243549328776850316e-02,8.656203640128218302e-02,8.433504814981093722e-02,1.172650337455966585e-01,7.340994805297021419e-02,6.212463345361507461e-02,6.065106086175900413e-02,5.643895213605867878e-02,5.209337511495251705e-02,4.182103477236756572e-02,5.498047877310202614e-02,1.137034406746640081e-01,4.258746804693097632e-02,7.919501643013911185e-02,3.720494638002824067e-02,1.941383644292318245e+00,2.053999210666051844e+00,2.081202185706237273e+00,1.676942091042801231e+00,1.718623014896077050e+00,2.099379064392139949e+00,1.929584744935013196e+00,2.140050155408927512e+00,1.801521645431379604e+00,2.178882453624747306e+00,1.758639677115374278e+00,1.806417560776624853e+00,2.132385120509585619e+00,2.031079101626922956e+00,1.935783790947052330e+00,1.705376717241312123e+00,2.031848124686229884e+00,2.340350822925840291e+00,1.915661809719174880e+00,2.074649812038389385e+00
8.632198137841251562e-02,1.166860464117919494e-01,1.010129641251293758e-01,2.799240643367449308e-02,5.148839529666369985e-02,7.884852102598285950e-02,3.421629163435024185e-02,1.020406884857631008e-01,8.661636845047669675e-02,9.435051781082944011e-02,4.972869567270541552e-02,8.668204063321884034e-02,2.595903643961114393e-02,8.138248415325943785e-02,2.378553003931703144e-02,1.037358902738771682e-01,1.153913918223532509e-01,2.852685209956152060e-02,6.791709368714857198e-02,8.190897416462701586e-02,2.290923238105932569e+00,1.804775359119542566e+00,2.025096353929775272e+00,1.691705335909930774e+00,1.862455816312970969e+00,2.373176443744950515e+00,1.941397163565834028e+00,1.821820214114774350e+00,1.855370320355247404e+00,2.080907749372745474e+00,1.625104671668813117e+00,2.261931592022186077e+00,2.235815672842022650e+00,1.687149823952535543e+00,2.272869238159172411e+00,1.713465321957171161e+00,1.885672640502058517e+00,1.666033395304491460e+00,2.102558525980152915e+00,2.229518599533592660e+00
1.134236009428623987e-01,8.377604536392166401e-02,9.932159825982188328e-02,4.144261874475795721e-02,6.459953411848423643e-02,6.581754955407423391e-02,8.456097651255026215e-02,8.755553705876795156e-02,1.120462510247748622e-01,3.873952509575932790e-02,6.060353606767075740e-02,4.234670142972402074e-02,4.869598994256033042e-02,8.486210816062048079e-02,7.647157849722517609e-02,8.189529761476034564e-02,9.412462206228923434e-02,3.676029504208620791e-02,7.112165811334857091e-02,9.776759825433700701e-02,2.296213062022990581e+00,2.280571309126840251e+00,2.158651002216805725e+00,1.605629788449411954e+00,1.740130692822065228e+00,2.133931617553519011e+00,1.739218248947356216e+00,2.165619598888330444e+00,1.837381932878435098e+00,1.770865375918413642e+00,2.179480776125338082e+00,1.793514412095783994e+00,2.114367438538792499e+00,1.740821935665125331e+00,1.995816814047413068e+00,1.754005003918825523e+00,1.743228131674317449e+00,1.869440477198562878e+00,2.299923661619935888e+00,1.868927653015112433e+00
6.426371774362303613e-02,9.367625629970945111e-02,1.187709781284147087e-01,4.267416560220719385e-02,7.360321241504620693e-02,5.003873539262761183e-02,2.314941354286263395e-02,4.285986664425332077e-02,2.184976232611313476e-02,1.174413175051640806e-01,4.569507921667553124e-02,4.349478730765597018e-02,1.179417894047572329e-01,3.922029137224457285e-02,2.094187503033622527e-02,1.153728696927421027e-01,1.010663704551497122e-01,8.198604099874096107e-02,4.204747529091099750e-02,9.434872104550139083e-02,1.660055126018721072e+00,1.990572141255356087e+00,1.785958479224563522e+00,1.840830484052369487e+00,2.185910932528501771e+00,1.798655033475842213e+00,2.362282418782116977e+00,1.769795025482226558e+00,2.279790651609983509e+00,1.838252723993982318e+00,2.036718390648797783e+00,1.835574920395057097e+00,2.102225852940786233e+00,2.072041418684769543e+00,1.831223046483153594e+00,1.660032184075503903e+00,2.308020305040586972e+00,2.248161282301154973e+00,2.172714832853371192e+00,2.170044307124127769e+00
7.539424460936960948e-02,1.085113765396445856e-01,5.171507315077220057e-02,3.885420306306685417e-02,2.092429895618218988e-02,7.609025077088765743e-02,6.194365288593475793e-02,3.461524299098506230e-02,1.191589846916894235e-01,3.230613728257828582e-02,1.108362548637192579e-01,6.001602924564754249e-02,8.867795587295153326e-02,9.996014938314801146e-02,1.107127711381778040e-01,4.405774906920914558e-02,6.104799489435033810e-02,4.979830948837424970e-02,1.070838428080815169e-01,6.718046241465354396e-02,2.146004691858898195e+00,2.385537403929359090e+00,1.649041201084739283e+00,1.968253045338459462e+00,1.972409382780205611e+00,1.840625676285082335e+00,1.709495950553491239e+00,2.062127782261098830e+00,2.184393513129887054e+00,2.092075867533760736e+00,1.850636520196966783e+00,1.978855976332674294e+00,2.131607892605146048e+00,2.177202833546470373e+00,2.211768912711166379e+00,1.663094133902536909e+00,1.730681478408337970e+00,1.605770984718422056e+00,2.074313640625487398e+00,2.169395509202714400e+00
1.180171123188658716e-01,2.180767973000828294e-02,9.337257963987968812e-02,6.530997805995172878e-02,4.800072164526372753e-02,6.056174164835224916e-02,2.333073676042205988e-02,3.710478391565265321e-02,5.492753553680661260e-02,2.073151737942149908e-02,4.930346949049288496e-02,6.053509608722455748e-02,1.027005694344948344e-01,4.910484696340619570e-02,3.265119023392422382e-02,1.062828177854800160e-01,5.963692148932672743e-02,6.343716448694479426e-02,1.037974538939294006e-01,6.511208526883208170e-02,1.980386927235191497e+00,2.324847895506534812e+00,1.632540757637807260e+00,2.098485104592999306e+00,1.892461215836080957e+00,2.060234136555831874e+00,2.293834650319071855e+00,1.913615188345867413e+00,2.164801390459261121e+00,2.011461969433072650e+00,2.283948244638870140e+00,1.757770227829995369e+00,1.768588015002139580e+00,1.771915307216405111e+00,1.853903278296231694e+00,2.298375207510520823e+00,1.651738707091810587e+00,2.305690535695437582e+00,1.608181614246964486e+00,2.384572507873102598e+00
4.862576044149259646e-02,5.867479018923460465e-02,1.178599040293106526e-01,3.433900924765947993e-02,9.874347192932801665e-02,1.151853261506101400e-01,1.065267578040301893e-01,5.028504013635959335e-02,4.725844274304076553e-02,1.119952187550534439e-01,7.620796385554270969e-02,3.407598250339266555e-02,8.351457394696862324e-02,1.019725500558854164e-01,6.237064938228054078e-02,1.035503209913857248e-01,1.019393487657975494e-01,2.202889799008250077e-02,5.267969857384821597e-02,6.150347879197860801e-02,1.887939728068988909e+00,1.702688109238534420e+00,2.001220486995663794e+00,1.737734436165712104e+00,2.352342524310826022e+00,1.803346358427158291e+00,2.074913028055890063e+00,1.750493089535941404e+00,1.957244176576679706e+00,1.874859165896644697e+00,1.897288320325407840e+00,1.942482892518956117e+00,2.269536783273868430e+00,1.818692613915104284e+00,1.993181041960836453e+00,2.047423030955930034e+00,2.131505515989671196e+00,2.334636358857699712e+00,2.165085949008675126e+00,1.836876839468857270e+00
1.193573891332740111e-01,6.102127545424033961e-02,7.370781894614684970e-02,5.410826265183947548e-02,5.519726973208199938e-02,7.914355242795963197e-02,3.636837756586197568e-02,9.477667435364127424e-02,6.579011631476236466e-02,1.171307437181757782e-01,1.029356410898731172e-01,6.007247445513978767e-02,3.046973843873371918e-02,1.002746944572607546e-01,8.287561404839428880e-02,7.380543184843010862e-02,8.497072686803451569e-02,4.859952711621350757e-02,6.606825676777562661e-02,7.023290702552301146e-02,1.972136369251361376e+00,2.074340541174792829e+00,1.608405524968268496e+00,1.931121535719525717e+00,2.088468549067719060e+00,2.149574111805541143e+00,1.944060099229267813e+00,2.351629079029021518e+00,1.860406858128531127e+00,2.045344989670938141e+00,1.970830760424692851e+00,2.060751196036517907e+00,2.372731009384159151e+00,2.021833322999632365e+00,1.761061537896659202e+00,2.044104312044092708e+00,2.322444383387577638e+00,2.216754976093941565e+00,2.379274916421385555e+00,2.310162366887606122e+00
1.072215886530947238e-01,5.003957556886938496e-02,4.453854662827701205e-02,1.131709733259700923e-01,4.672092664283131191e-02,6.317289766695260989e-02,5.969704459610686298e-02,3.982984827039192516e-02,5.665479132507737769e-02,3.172490849958158748e-02,1.072841274148459839e-01,2.943784568913401789e-02,1.097077623221053566e-01,8.626142622189685027e-02,9.150429302438761736e-02,1.174492717346021647e-01,6.330248375221757262e-02,5.357057846816043467e-02,5.094365160704183992e-02,3.448705614651595419e-02,2.142718058869223619e+00,1.691992017072214249e+00,1.937095327036653547e+00,2.302134453284341298e+00,1.959675439299780608e+00,1.982884383496531733e+00,2.274287816745031776e+00,2.113262001230391096e+00,1.912803943720407851e+00,2.372059291684868843e+00,2.002758299191798042e+00,1.866294170627456284e+00,1.723911670643970995e+00,1.666587971271754620e+00,2.346043646001478411e+00,2.020153808862616085e+00,2.150827661837146909e+00,1.968264917646796563e+00,1.971790550151823807e+00,2.258178703246719543e+00
4.898699698572468730e-02,9.828239240754393924e-02,6.498853369641326150e-02,1.052399964958620759e-01,6.265715831492532639e-02,1.157273615145025525e-01,4.610860131684377944e-02,9.695612261066520465e-02,3.047656621715201519e-02,4.253250125342322718e-02,9.915556656272510316e-02,4.305326017157328627e-02,8.280694600219608292e-02,9.663110717757421309e-02,1.001278641863288382e-01,3.865708972376971642e-02,7.702857313973293651e-02,9.864945685880900650e-02,5.073270291542004984e-02,3.044075348660432723e-02,2.058047150390693858e+00,1.932659329795788139e+00,1.997422604898024368e+00,1.688261725299086358e+00,1.871747742358040867e+00,2.092855121824361397e+00,1.761246156733438761e+00,2.096364422142906747e+00,2.007820574398415658e+00,2.281082207260352490e+00,2.386131536050349666e+00,2.155465026212525004e+00,1.654655813464821268e+00,2.256544706133017275e+00,1.910018746937400813e+00,1.614154251006724383e+00,2.023046261078911723e+00,2.150796856851723948e+00,2.135234540396405478e+00,1.763506735150503602e+00
5.786463670176711371e-02,7.895358706212629585e-02,7.821380088808567443e-02,2.023212767553159153e-02,3.254999008985818426e-02,5.919392467799305946e-02,9.594527087591886438e-02,9.789690631038065749e-02,2.835702419380145556e-02,4.687675328022090915e-02,2.884432286925385155e-02,1.184607344870531598e-01,3.658961669858766530e-02,1.010052756018372383e-01,2.627440324613651568e-02,2.563499215916803867e-02,2.826486870293818884e-02,1.023419103153384024e-01,7.935481481085648880e-02,3.386642753959763497e-02,2.126432961462516147e+00,1.701672221347030556e+00,2.249942194168755627e+00,1.624327460752439833e+00,1.736300280320110634e+00,2.173539357000279004e+00,1.616917787017306596e+00,2.067390267820524485e+00,2.237393804411429432e+00,2.303040048228569336e+00,2.296171851953543452e+00,1.805799507864580766e+00,2.115489446183064004e+00,1.637435204597914806e+00,1.650327621692045721e+00,2.010885261862729312e+00,2.206429191557326419e+00,2.357462788416407662e+00,2.040280964636715488e+00,1.718670559613568960e+00
5.055675386329469556e-02,7.494629540736995332e-02,3.919316231952629792e-02,6.696386624730205073e-02,1.080855957604659190e-01,4.094308826634103504e-02,9.059261848700179975e-02,4.898729457849890917e-02,2.416834177765565805e-02,9.453647733461938152e-02,6.828604028218902833e-02,1.070192628928324924e-01,5.820685737486845646e-02,4.613075483691383982e-02,2.139617376208618332e-02,7.061675571507039506e-02,4.053990964794650792e-02,7.119929520044160354e-02,8.713456530303735625e-02,8.878033456298517478e-02,1.850289758342556157e+00,2.259749142565001367e+00,2.211038687280996395e+00,1.831337111369942372e+00,2.073165596176324232e+00,1.891751460571318155e+00,1.882590947328767639e+00,2.216908408749847847e+00,2.335572739528243069e+00,2.386906584351685012e+00,2.318277263437917846e+00,1.895094864860330741e+00,1.652761058116386295e+00,1.914806548106723350e+00,1.717351141827303085e+00,2.167589558397469141e+00,2.243398263040942808e+00,2.351683544252980873e+00,1.801730536221659795e+00,1.977678049561620188e+00
7.808775852939635331e-02,4.913681007629053243e-02,3.783083804903294989e-02,2.807550267590688819e-02,5.627684478623788678e-02,1.150105761467077603e-01,9.301850632963185039e-02,1.102762112541801620e-01,2.378416053803112176e-02,8.186364475142364483e-02,1.165941629252996437e-01,5.163231381283375776e-02,8.425523486320093958e-02,5.480334691571751848e-02,1.113445036332226662e-01,3.096254752721965681e-02,1.018126137842011308e-01,8.609133461214960037e-02,1.056571372328734965e-01,1.083486243160050877e-01,1.653291754554079507e+00,1.907158529256786306e+00,2.283286296022486894e+00,1.688041145978304014e+00,2.086943433987962671e+00,2.173764757122810920e+00,1.942839070370510290e+00,1.959833546033435292e+00,2.046003815288618632e+00,1.754355421662717740e+00,1.810148947681966103e+00,2.332607319730719553e+00,2.371165223130301758e+00,1.826963985890321496e+00,2.063513364224882629e+00,1.894346460115605257e+00,2.026723348629732246e+00,2.212308223301476584e+00,1.647886367792110951e+00,2.046224474270128546e+00
5.418819065057937923e-02,1.016578503347857626e-01,2.702854168679631741e-02,7.354111411858318959e-02,5.777719932634944877e-02,1.081790753386477344e-01,4.157045554013236166e-02,7.260955868692552106e-02,8.372994696777409651e-02,7.337387799165798197e-02,1.169255783519085046e-01,5.674561020014372292e-02,1.120340880453844223e-01,1.099634854317818322e-01,6.491325848520236586e-02,4.700776403721538405e-02,8.815193482892184906e-02,9.123689429043428667e-02,7.758540313788517273e-02,9.625398118376951584e-02,1.706860018734198681e+00,1.644863722477024837e+00,1.657866786124192249e+00,2.356666087296956480e+00,2.220859305787963756e+00,1.908926063429988274e+00,2.115688946609558307e+00,2.323499118670664387e+00,2.124429730097292079e+00,2.045639491252154052e+00,2.237968654871115959e+00,2.353570939740519563e+00,1.693286482645157243e+00,1.751340762293136066e+00,2.069818496190435564e+00,1.600292149139057152e+00,2.255957902437403018e+00,2.300415557493548757e+00,1.791891792307786169e+00,1.863542159514656849e+00
7.242238720329610691e-02,1.135323754592980350e-01,3.342883818689529329e-02,9.481071731907536604e-02,7.660642852937665781e-02,6.903592904499908367e-02,1.052443113258549612e-01,6.492289605425574650e-02,1.100604691594520845e-01,8.620229423650736800e-02,4.848906670310507150e-02,1.042025609073596593e-01,1.199750269319976581e-01,1.060186721674826887e-01,1.111945957920728173e-01,7.014639212510126454e-02,1.064143965457902130e-01,4.870245452234200911e-02,4.122864522228722461e-02,2.222761164961657709e-02,2.113794918714573701e+00,1.771901337822786360e+00,1.650406735621080534e+00,2.382859169325091564e+00,1.929226724705397356e+00,1.800127786918117812e+00,1.745971396332969716e+00,1.844103350925094587e+00,2.368376145427161017e+00,1.806316069398400836e+00,1.736366727582548952e+00,1.750202920840323806e+00,1.800414043626498595e+00,1.844246079967377216e+00,1.868142194187295324e+00,2.069266595708938450e+00,1.709763560086591472e+00,2.202839401447183043e+00,2.371162532858262395e+00,1.715806570247850660e+00
9.545205122376201889e-02,9.635426951495248971e-02,4.987431177817092109e-02,6.150736926250428838e-02,5.643476009743716992e-02,6.138202467045168753e-02,2.688140504534106134e-02,4.882310328516643871e-02,1.077593000440878745e-01,7.220467301854067987e-02,9.148353016111310243e-02,8.955586568185425200e-02,1.161716868378249168e-01,4.270793588857342560e-02,8.465470132954387716e-02,7.746771699330273764e-02,7.437027000663773424e-02,6.426140642126357272e-02,2.838773112342485652e-02,5.069356047904306772e-02,1.688990575330702626e+00,1.869907684669570580e+00,1.912158925192960712e+00,1.696551169816005400e+00,2.304278925411539447e+00,1.774969563696278785e+00,1.932608326230973894e+00,1.871733969983202517e+00,1.905079462979787142e+00,2.126502584362914838e+00,1.793751044130385219e+00,1.635253179934052614e+00,1.957894294336420593e+00,2.315094683633641903e+00,1.825831580457180303e+00,2.010024131250077062e+00,1.838596831113467278e+00,1.744454598083557961e+00,2.276634365221505085e+00,2.086188862255807130e+00
2.269742153653288297e-02,1.199939325038951871e-01,1.182172197273785447e-01,6.155171555134571204e-02,3.972296774994260593e-02,1.024680830868976572e-01,1.109253586973865668e-01,1.177579145397648352e-01,5.546101664205047022e-02,1.132706853761044630e-01,7.698189689174492201e-02,8.480769837741117256e-02,3.256186117293474042e-02,9.711921117423742700e-02,3.820150626690160117e-02,4.752255705983966794e-02,2.642679783782362832e-02,3.737140682539620562e-02,9.347590019018660323e-02,1.061861948406836176e-01,2.328195423567565925e+00,2.077444404938919131e+00,2.127549092951409815e+00,1.769156568442590727e+00,1.963033576862368790e+00,1.796423525983861236e+00,2.267899511207378094e+00,1.770172947052630619e+00,2.236003405586707515e+00,2.031119033062057877e+00,1.977492330869873749e+00,2.024063146296516624e+00,1.605766530176097717e+00,2.210300852812474126e+00,2.022208869404050535e+00,2.200057193155203095e+00,2.214945169274352921e+00,1.987396486048962796e+00,2.039173619644232716e+00,1.993108138357830850e+00
7.910950651913199738e-02,2.420465742660152242e-02,8.859961859527115680e-02,1.081544689868868814e-01,6.387962582623234187e-02,7.773041732488464306e-02,6.234715192851106313e-02,9.391110266210032920e-02,5.445853280992067613e-02,1.048740924635119809e-01,8.176892197770856130e-02,5.074041691888465933e-02,1.194221957160822439e-01,8.784247845326720316e-02,6.235516771561060156e-02,8.974435010014474023e-02,3.477400450022705147e-02,1.113325847092099530e-01,8.093945809774868994e-02,9.137900805069375243e-02,2.336356750041367558e+00,1.872224784066266023e+00,1.721262730809319574e+00,2.165380830532000367e+00,1.951693864059534489e+00,2.115243864546549446e+00,2.108930579188415422e+00,2.290222908372528288e+00,1.609310478740157535e+00,2.154909485738802033e+00,2.271500177389195407e+00,1.678547305832706726e+00,2.108073311289410778e+00,1.972708075479589152e+00,2.170200465184059180e+00,1.996875053959072499e+00,2.378362362295908916e+00,2.057649572623386103e+00,2.274871137269940835e+00,2.093897477520727080e+00
8.054886239186047348e-02,6.266875685528219830e-02,7.865846930813476245e-02,8.159367488734224627e-02,7.543139387639460902e-02,2.172479641715508239e-02,9.158609762589682568e-02,7.088734766137057275e-02,1.050124594106625897e-01,9.092295160240886076e-02,1.079853143733697507e-01,1.026587477282766142e-01,2.937229329022939331e-02,5.606417046867420706e-02,4.373776265293932014e-02,6.004758943783451708e-02,9.823075217575172324e-02,7.738758489867127166e-02,7.940025924944073277e-02,6.045653952329886616e-02,2.011784404427633177e+00,1.892287750332604768e+00,2.067509401295403393e+00,1.703136858256559139e+00,1.703745351758831683e+00,1.904564199970814053e+00,1.766860104150681066e+00,2.027506833938024222e+00,1.883800622431964333e+00,1.734342033062191257e+00,1.786763045183548115e+00,2.169340191893568637e+00,1.805886154459278137e+00,1.649504879454311901e+00,1.671274788718380977e+00,2.104484040052861271e+00,2.045485507875265618e+00,1.643281542155603514e+00,2.345087168439780267e+00,1.616294194420424102e+00
2.701597298681514270e-02,5.078398252633417598e-02,7.441150575447609550e-02,7.735374463788481647e-02,1.168595385014164906e-01,2.133076927430888406e-02,7.510440296367262847e-02,4.150626743339606156e-02,7.899288970574638857e-02,7.253103575302348449e-02,7.850365180104471041e-02,9.773091854036747295e-02,7.050040235046159398e-02,5.498150338014405614e-02,5.524141010673534746e-02,7.421246634897268879e-02,1.151564255726269387e-01,3.668575930573336752e-02,5.601784023212347252e-02,2.637847883537417989e-02,1.982990795935070327e+00,2.368993083547707101e+00,2.120084865297971355e+00,2.380177476169974327e+00,1.709848956138248388e+00,2.176489906901318161e+00,1.956606804220469176e+00,1.655278534669266888e+00,1.835401144836016574e+00,2.255399228821714175e+00,1.732970602405407234e+00,2.186593501232820369e+00,2.318637285614482568e+00,1.746106553343416135e+00,2.314143553234213169e+00,1.645684776695759410e+00,2.031500860021542287e+00,2.070571943676736471e+00,1.693016777195740508e+00,1.761205682150236651e+00
8.371478572234539173e-02,7.956648335093559343e-02,5.914019574853980610e-02,4.254004464551042197e-02,5.825060330630858763e-02,1.175237512567036957e-01,1.164038439707861250e-01,1.070885278773766880e-01,5.633393255642463182e-02,2.934354554502166881e-02,1.039225509637777406e-01,6.032708982279098853e-02,6.930343003949121505e-02,8.766667485134876925e-02,5.872353043358949365e-02,5.237553385450810506e-02,1.036081370588189526e-01,7.687677489722349877e-02,1.046367108460416750e-01,8.234355153534909932e-02,2.108694839242536645e+00,1.601980496104891794e+00,2.271868035593186175e+00,1.951756869135249151e+00,1.755108179625982201e+00,2.312092803736377267e+00,1.956255841099096227e+00,2.270028678525424670e+00,2.276407816825659847e+00,2.189383638382248698e+00,2.036151234613373884e+00,2.291797183260156245e+00,2.183189619240827550e+00,2.334690495543761735e+00,1.775888660741411718e+00,1.732542890118863754e+00,1.747460074570684085e+00,2.070499448605013892e+00,1.778180641879452573e+00,2.010635272220879344e+00
4.565499624713407339e-02,9.231412976780187241e-02,2.825767756475697223e-02,9.525969880205481521e-02,1.061687621053582220e-01,6.253157540692162730e-02,6.546523686290742217e-02,2.123345586827312531e-02,8.265728920967496673e-02,7.662573460217250720e-02,7.911142624857261940e-02,4.839159865469647853e-02,5.289329968162991003e-02,1.045788889343517297e-01,2.867434552009931470e-02,5.809265862357683441e-02,7.808407207931249150e-02,3.995832347389487171e-02,3.558436856053392300e-02,1.064399614337394884e-01,1.949449895062579596e+00,1.650799207549534575e+00,1.866590750574267821e+00,1.607615572878740018e+00,2.171401371086066678e+00,2.130592178337308074e+00,1.919577278779977192e+00,2.381432758852975340e+00,1.628070202483057782e+00,1.791018087418962290e+00,2.089444590350549635e+00,1.862170742512412769e+00,1.715179392217867749e+00,2.366387711246002556e+00,2.396217568701134226e+00,1.740778124220297540e+00,2.066266552544529844e+00,1.777802783503836137e+00,2.033741622885912648e+00,1.820945080890711276e+00
9.319312306314413152e-02,4.124873404704770125e-02,5.447067554301635028e-02,1.067759581217423009e-01,8.492179294018421809e-02,6.005777760402239429e-02,1.013206226378995517e-01,9.045282612397315125e-02,1.037296465623367137e-01,5.151865561577612107e-02,4.139966597779043411e-02,9.828442177607607522e-02,6.758450651873847137e-02,9.912192861285358536e-02,7.346809377895935356e-02,8.681442573175861266e-02,3.399286804041697085e-02,4.588385426169067083e-02,1.036133658057125650e-01,9.426129144793173043e-02,2.112240741679114464e+00,2.077519313898581022e+00,2.294169418699770535e+00,1.653561060962206231e+00,2.191324484887897217e+00,2.317222725662973826e+00,2.349263220317281409e+00,2.323780104389147283e+00,2.233147358986515396e+00,2.145715947495748122e+00,2.339186864280927480e+00,1.996808469214886417e+00,2.336213981013445018e+00,2.044424928555246268e+00,2.244649956274516356e+00,2.372249781023882509e+00,1.796819262153048991e+00,1.991063044615184907e+00,2.149402475213125108e+00,2.149912756253854695e+00
2.223532176713619024e-02,7.947426441792358742e-02,9.536966839567738441e-02,8.914782619241204409e-02,4.145978437318220688e-02,9.960212297811560367e-02,3.559864163221168609e-02,7.797277152316077486e-02,6.507202859341837398e-02,2.799027683339490313e-02,6.909661144554550549e-02,8.654913390324901756e-02,9.664915875117843780e-02,7.147758566385839507e-02,3.848416158238054940e-02,3.842403099067230599e-02,1.063745322419759054e-01,8.285963395371426232e-02,8.548590337953755613e-02,9.502620631148435415e-02,2.072817436092244670e+00,1.761358873893132060e+00,1.666038745710967328e+00,1.963006383502284624e+00,2.337190263876121499e+00,1.616180982666641563e+00,1.885192868527410637e+00,1.604068780280028861e+00,1.660939829583874872e+00,1.740376267395721932e+00,2.246950007356554480e+00,2.107352307534286595e+00,1.718332850538274226e+00,1.909397954897497973e+00,2.326395435881333018e+00,1.679164091454566909e+00,1.915751889850932921e+00,2.276743906546843554e+00,2.152487496910571618e+00,1.609683078948972446e+00
5.329286754171455587e-02,3.115207194321855527e-02,4.717522933380833422e-02,1.169374620555514444e-01,5.364634291885760076e-02,4.740791604217045596e-02,4.107879540864126100e-02,5.462604103352085294e-02,4.422787725997254921e-02,8.176968753486484054e-02,7.329029951561603917e-02,1.155798650372959063e-01,1.092380784004995109e-01,6.578079165101620440e-02,1.143448764327733569e-01,5.864022544415960214e-02,7.093657682752556315e-02,3.121404412734678918e-02,8.896778322589153631e-02,2.950395399507553182e-02,1.845626687473760130e+00,1.649543485978185675e+00,2.123998526847848733e+00,2.028627867208129931e+00,1.822381091444044587e+00,1.713978125371667716e+00,1.638392995899859095e+00,2.333293951129256971e+00,2.256683829913357808e+00,2.085605331347625047e+00,1.742084186142986546e+00,1.863491821994494479e+00,1.872532186609733307e+00,1.877160217734100467e+00,1.902366702043992497e+00,2.311275303141026249e+00,2.129514871859663927e+00,2.375484384147694694e+00,1.773796291423489047e+00,1.961132473675688992e+00
6.025225479197163225e-02,1.039469335875373990e-01,4.160318428158600590e-02,1.119186184297395331e-01,8.650146668520068693e-02,9.703836140361780938e-02,4.353478813933769204e-02,3.898974868170251157e-02,1.198402901139343640e-01,7.588974859823505170e-02,4.809799876397530261e-02,1.018105164476326291e-01,5.940618264558318595e-02,5.197330452178172688e-02,8.052805140530652772e-02,5.365558826399728642e-02,2.610988384962264347e-02,1.128673226087409248e-01,2.612461951140265110e-02,1.054666412055205449e-01,1.679319099219525713e+00,2.393418223088083607e+00,1.941410312869667587e+00,2.280417921402943193e+00,2.186945013942632521e+00,2.101139167116407691e+00,2.278040513756715679e+00,2.320797952894366745e+00,2.081340248092424794e+00,1.731154080068239454e+00,1.723742880892147333e+00,2.394561375878897724e+00,1.626678786722281167e+00,1.863473495476999364e+00,2.124406439520591938e+00,2.028858817321923969e+00,2.349013649909625467e+00,2.369842877919883239e+00,1.962059221168851675e+00,2.366780392527619181e+00
4.885364687408183526e-02,4.963214204877657021e-02,4.329364572796152999e-02,5.742623314391739897e-02,7.982032943950545523e-02,1.196391478781356071e-01,2.292633756791868926e-02,7.057583267209906197e-02,7.324696629779117729e-02,8.336864167473484466e-02,3.490201169519262930e-02,3.995240152376548781e-02,1.018697731864324912e-01,5.611047074276412361e-02,4.277282653777956384e-02,1.046099016986244551e-01,2.152932276994379626e-02,1.053876722861253057e-01,9.168927801272530598e-02,1.023270713728829245e-01,2.145852324552738999e+00,1.615354521453014502e+00,2.142236971343290719e+00,1.896036977415208824e+00,1.968526459582639054e+00,1.862227323173358373e+00,2.187692131933554052e+00,2.271285727934977849e+00,1.625983381793060678e+00,2.207325952764357169e+00,1.873210944317414972e+00,2.036626673155166767e+00,2.049651837788836861e+00,1.972705176408731775e+00,1.922634285118638653e+00,2.005900442719178667e+00,2.085374744669159508e+00,2.151422015048087388e+00,1.738210861522482720e+00,1.896373592825130849e+00
5.973596012097490138e-02,7.878996930284395961e-02,2.879589346765053931e-02,4.063095087147984563e-02,7.240339387181268793e-02,5.294480591730378605e-02,2.249181943793998953e-02,8.309140945531044709e-02,9.431784759548295094e-02,8.947307678458792102e-02,1.146643005116585595e-01,9.805921763348125764e-02,3.468676103942019279e-02,3.340506068144849516e-02,6.579384356791261046e-02,8.189934381112047579e-02,3.303969820957947112e-02,1.185243937959536975e-01,3.042787705121885802e-02,2.656102705509244891e-02,1.964037563501365824e+00,1.812541206237883840e+00,2.210700427485161601e+00,1.825503049770150765e+00,2.122159274734567447e+00,2.031396543674948152e+00,1.721194087707792475e+00,2.301619890588897377e+00,1.732701428856425974e+00,1.686029956095240534e+00,1.994464518668302766e+00,2.384449094815468850e+00,2.360690096664508353e+00,2.287784773699644170e+00,1.652729946209047895e+00,1.989144636500355556e+00,1.916776239900094492e+00,1.636188502699227776e+00,1.937095146410574564e+00,2.274434834218077572e+00
1.172022811713285539e-01,8.992316488461989110e-02,8.958842334565596255e-02,6.056367118523865722e-02,9.351259651431947928e-02,8.678111433548300890e-02,2.371382967174365253e-02,7.692931406092824720e-02,2.310486146407765562e-02,5.369031800548622335e-02,3.873961939892732464e-02,6.602685192452606433e-02,2.223267478701056871e-02,2.346237023545217140e-02,6.596878107168496763e-02,5.807894892662518460e-02,1.052118339819214932e-01,2.121254253449682964e-02,2.297261488274386296e-02,7.827315570959750279e-02,1.969063066491982816e+00,2.315719565623486353e+00,2.173064737243681321e+00,1.848450766458629824e+00,2.254765654491693194e+00,1.884655433508618083e+00,2.331830431557938788e+00,1.751243775938141845e+00,2.189492886128697968e+00,2.018847553979790543e+00,2.096359759267792722e+00,2.353072151210816365e+00,2.399542170536789865e+00,2.151548292871212187e+00,2.086665664012643084e+00,2.153763170659703796e+00,1.892255098887999143e+00,1.765548588691028487e+00,2.177542310452465379e+00,2.328051212676936821e+00
3.682202251728749348e-02,8.751443507836610680e-02,1.095880148416646660e-01,2.971699356698375566e-02,7.225328791288596064e-02,1.163550618961986666e-01,2.457275998474021603e-02,1.083845389307915436e-01,7.361022255084589960e-02,5.558393575880603288e-02,8.389269145027521135e-02,5.617415198888706107e-02,6.338013774652380417e-02,8.479283145408732236e-02,9.000741109679609442e-02,3.843228011743432537e-02,7.160337592038887311e-02,5.685912506088668106e-02,4.730095619499441462e-02,6.077598631400575602e-02,1.751385146904789192e+00,1.733130568036639563e+00,2.379094532345647828e+00,2.017143817486575230e+00,2.127642122309658212e+00,1.971235989407442268e+00,1.878202186939049279e+00,2.330757352040415675e+00,1.914514335451686922e+00,1.946215812288715430e+00,1.987886875206523518e+00,1.979415598614924443e+00,2.057647160169247869e+00,2.150711852724819906e+00,1.639767043264080959e+00,1.874666534030114740e+00,1.759453610360024234e+00,2.359716133390093340e+00,2.106191737109915252e+00,1.655552248987397723e+00
7.734985717103344538e-02,7.582849583759741774e-02,4.934541508334559790e-02,3.392479549887925799e-02,7.180708872774990703e-02,5.067253126571559518e-02,9.390631245874690725e-02,1.133837804097888730e-01,6.130947211107089234e-02,2.270907222223199004e-02,3.567630301629992617e-02,7.004843620811879168e-02,1.080980699524859839e-01,1.080365284294803330e-01,3.256596398283161803e-02,2.513647899782866374e-02,5.695528708955581443e-02,3.663346355025859369e-02,9.624706000445142073e-02,7.051736193288442311e-02,2.051148725462726752e+00,2.155101629752651515e+00,1.947398224239606845e+00,1.772131328148340401e+00,1.715514668467102988e+00,1.793906117185805726e+00,2.310123749310442953e+00,2.266006395241602078e+00,2.099987392619793170e+00,1.775426522174866406e+00,1.920410940476678929e+00,1.842075534662251268e+00,2.372468814310892959e+00,2.374022478036292405e+00,2.229312540798485287e+00,1.936308785942947086e+00,1.903703828388551011e+00,2.199043969832927381e+00,1.642306461906578807e+00,2.004921058869458594e+00
1.035332163366674968e-01,1.009844264911967937e-01,1.129976488543553564e-01,8.674716786503296195e-02,7.097126893628542821e-02,4.449607684336003705e-02,1.172580079987901314e-01,3.416064737210751379e-02,8.387524561168752113e-02,2.337621660408135960e-02,4.154610164009264750e-02,5.353193118741608747e-02,5.404545827242228373e-02,8.901080053416353388e-02,9.713134501898643136e-02,5.963487928538394045e-02,2.980120916324522848e-02,4.861413225212188327e-02,4.366118025159407973e-02,3.640262233160938832e-02,2.283886750865030457e+00,1.871087162020927064e+00,2.262142602330026619e+00,1.958934735397765081e+00,1.963375395333535556e+00,2.073858895644439482e+00,2.279854615090398884e+00,1.959198598811459302e+00,1.673956392148572059e+00,1.807445523427705369e+00,2.240931939936233963e+00,2.144929411658115015e+00,1.717448225154064145e+00,2.116135435541512955e+00,2.200756900138849836e+00,1.770877656558065949e+00,1.742314460783509489e+00,2.350041550549389235e+00,1.815165893671917940e+00,1.925301728419180680e+00
8.637295258973250178e-02,1.037289707385516402e-01,8.708884527041738099e-02,5.888355899055533471e-02,6.154285770491428609e-02,6.538771635170920193e-02,2.575456135242325945e-02,1.043480087851127724e-01,9.079889856403079718e-02,9.132085925521032932e-02,3.619434778882571480e-02,9.635763874060253309e-02,7.388501079152073880e-02,4.101807682152819323e-02,3.230664666398046919e-02,2.859296585731741294e-02,9.022581522760153572e-02,5.351532151960668171e-02,8.975029870170662949e-02,2.369919520225272427e-02,1.614163056550895092e+00,2.048197901699127854e+00,2.042470931693038949e+00,1.728120034239881919e+00,2.373869917290062137e+00,1.896312639235116393e+00,2.098437057370956538e+00,2.380066623328857212e+00,2.130784449435845218e+00,2.009121327775185595e+00,2.345217438616425731e+00,1.647648818105430291e+00,2.049053957626566280e+00,1.651736891670698926e+00,2.005413516096586246e+00,1.744601401381307593e+00,2.025705611039217757e+00,1.713848074931733301e+00,2.002807795768199561e+00,2.199321330994682189e+00
5.477862776610020745e-02,3.414783309183427873e-02,9.031373302489004162e-02,6.918038325158135105e-02,1.016097624634548918e-01,8.680978938453531857e-02,6.003696115365163288e-02,5.532011132767715444e-02,2.039628991083712248e-02,8.877148170388921011e-02,8.511946121312223557e-02,3.627223055243289362e-02,3.049065600262643866e-02,3.248688879310697442e-02,1.065296044176592266e-01,7.903502383698909894e-02,4.560237758691355892e-02,1.170146404282230435e-01,2.972448031945889441e-02,9.394187186208682872e-02,2.300981858903849542e+00,2.395043474731193278e+00,2.150923539358575720e+00,2.254744031970251417e+00,2.005045794068510467e+00,2.237981911272922453e+00,2.262786180471723529e+00,1.835925889635969144e+00,1.751220894424731611e+00,2.398165506013776316e+00,2.313715130572678635e+00,1.989894277426623059e+00,1.716298961581911087e+00,1.735852889029813273e+00,2.353211197746279293e+00,2.307400230126400498e+00,1.773576180673466451e+00,1.749245467354815897e+00,2.376756499581519577e+00,2.339093911751040089e+00
9.744382747162795566e-02,1.175769280164650210e-01,6.252950636723605959e-02,7.910163399258814121e-02,3.261756070065185975e-02,8.381657823867842694e-02,5.672939235967029703e-02,3.317108741126383736e-02,3.081116161105285425e-02,5.452417153885208423e-02,9.263214762576034433e-02,6.706707594208349832e-02,7.986670491856542875e-02,5.997220299502963037e-02,7.402716289368528602e-02,9.119007837677459150e-02,5.716463897645940317e-02,6.532386912771327714e-02,1.143364655969668076e-01,5.248394857057175900e-02,1.811804902147054586e+00,2.122933447403523743e+00,2.376086619243009679e+00,2.107283381089422036e+00,1.765201349858702917e+00,1.652079864472769444e+00,2.119783581300756392e+00,2.112871435877180737e+00,1.903707325496741598e+00,2.014270702965124116e+00,1.826839618491295170e+00,2.036584842957362529e+00,1.751486064214420546e+00,2.006895129300484637e+00,1.732145456719190291e+00,1.999660374284632391e+00,2.197455763030477627e+00,1.886569242290685011e+00,1.894902245798363305e+00,2.076736096465812142e+00
1.152618922277571789e-01,5.190223632305333845e-02,9.968579083599636570e-02,8.850369268652592825e-02,7.786120694263870545e-02,6.535054763420101998e-02,2.604302677497655552e-02,1.178583053212567816e-01,1.092377355041580234e-01,3.147622530382692546e-02,9.607012188418881382e-02,7.592098129229217507e-02,1.014136443666829313e-01,4.924958138244904526e-02,9.293275986440717451e-02,9.031090886719433941e-02,9.113875916093221174e-02,6.026800952176850079e-02,5.409002182592186070e-02,3.983209198819359642e-02,2.095777037218377714e+00,1.863262063090046494e+00,1.697652892980957562e+00,1.800922082249184486e+00,1.835614170137416679e+00,2.282478823559455972e+00,2.060300403748372755e+00,2.272903288611725081e+00,2.131900910333544452e+00,1.978370954105424628e+00,1.913876841554939867e+00,1.799673120201510157e+00,1.980493773788379430e+00,2.385579094193088778e+00,2.190805002097568455e+00,2.160785032746329826e+00,2.221298110891220645e+00,2.192741525455219609e+00,2.094927799979466876e+00,2.004930254540208345e+00
7.303328117444776724e-02,3.377349941617829171e-02,9.902742612849779746e-02,6.062179586630010719e-02,2.941085922664957164e-02,6.863849918783251902e-02,8.113973951612382662e-02,3.398096467033531742e-02,6.120499462785078393e-02,6.308571067765016138e-02,9.286072047449539513e-02,8.943593628822428532e-02,7.388722945530476482e-02,9.132678006778685575e-02,1.014441148439762935e-01,2.759205962493886319e-02,7.711962446966767748e-02,3.693616837621468973e-02,3.765893676814111024e-02,2.191726213954255445e-02,2.280240124794243428e+00,1.982949170372087178e+00,2.234131424494130158e+00,2.312131797650020637e+00,2.274228707637766078e+00,1.766477920926492917e+00,1.798546694768484944e+00,1.616515406206218142e+00,1.909676482342311576e+00,2.242947880024259710e+00,2.071636648178310391e+00,1.705695346131446577e+00,1.990960732323130866e+00,1.643218310753027822e+00,2.316810299078929880e+00,1.716885589953843994e+00,1.875581432354433975e+00,1.977876451495436116e+00,1.704317931261268848e+00,1.699244077607806158e+00
8.725771064237700103e-02,5.271118697464842462e-02,6.181218658254786225e-02,1.052945434834093585e-01,7.442155946039079317e-02,2.097129829825881628e-02,3.502579720093952631e-02,8.414027605585908121e-02,4.890761622049456803e-02,3.170950558529703200e-02,7.837521430112334708e-02,7.569524732937907285e-02,4.630161413097311218e-02,2.657476237977051542e-02,5.494898590299228391e-02,9.640989445797223945e-02,2.201368450304872978e-02,9.634061452594887276e-02,4.801865132665801561e-02,7.075981470613647295e-02,1.676227555367872268e+00,1.792431201118141582e+00,2.379559997489741008e+00,1.994035185567796908e+00,1.721715107155405100e+00,2.106194081767028159e+00,2.380637114050383474e+00,1.846601101999466810e+00,1.747908061831903170e+00,2.396296310576368160e+00,1.801066044024052903e+00,2.315950373147492414e+00,2.346835501421652648e+00,2.075727826313361390e+00,2.320942123995464179e+00,1.809351178152197148e+00,2.088650996974746654e+00,2.051817914636198559e+00,2.356315122151046104e+00,2.186351559192292626e+00
7.064826002179991349e-02,6.632971459291928107e-02,1.010465066815897928e-01,8.995374222580555801e-02,7.176581787820479619e-02,6.085823591533850996e-02,8.100812036772411795e-02,4.155956433984579063e-02,3.909137458883893412e-02,7.321326786586568325e-02,1.057570355424412439e-01,2.073053527163137150e-02,2.568325657043710186e-02,4.387021870985683553e-02,2.064318101218674470e-02,4.487478157669547857e-02,2.898271328089995630e-02,1.175840253214073539e-01,3.772455807631014402e-02,1.076256540737003109e-01,2.111313631947191904e+00,2.075330603851816669e+00,1.690674918580640895e+00,1.864673826991166683e+00,1.789008648076016339e+00,1.956794391702865843e+00,1.831428006023433142e+00,2.165592719155859491e+00,2.388751204181440713e+00,2.266771161667862522e+00,2.108322939727545808e+00,1.852125862005230772e+00,2.150078239066547603e+00,2.163415230903310782e+00,2.196421471455413332e+00,1.652600880357996127e+00,1.822005798224908935e+00,2.098391017691942029e+00,2.287035779632291543e+00,2.205469672064670483e+00
9.136121684031517365e-02,3.951273041012094700e-02,9.508342532859855034e-02,9.435562061409503987e-02,4.306397708321490353e-02,9.570572751623564189e-02,5.213412513714876795e-02,7.903088122176581132e-02,9.987757042857296763e-02,3.431723463830643056e-02,7.995949984061133387e-02,9.213567515909580619e-02,9.517284958217779589e-02,2.971260516857421666e-02,6.575218471459313985e-02,8.256931105253569048e-02,7.530658381175459049e-02,1.103274389074826167e-01,2.992768210447730934e-02,9.433168757872645305e-02,2.073045173878104830e+00,1.609931216100370266e+00,2.300389128634338309e+00,1.661911623878722377e+00,1.833935975135535967e+00,2.085101012521654695e+00,2.334174406595718398e+00,2.225923216377568181e+00,2.276070081274786716e+00,1.964782538169618675e+00,1.860814722320658809e+00,1.678961048164156145e+00,2.122026113397740055e+00,1.922037659595899228e+00,2.088931933131426000e+00,1.672657629805889279e+00,2.002002731446367978e+00,2.050333153102237294e+00,2.113501933966688284e+00,1.613213454136006808e+00
7.917037774892873858e-02,1.084722050771367574e-01,1.045453820177965482e-01,5.205879548973413318e-02,4.059858426725054120e-02,9.794708384350724051e-02,7.766875669837831897e-02,7.577210879072532324e-02,1.179786098339931644e-01,5.675202552155911295e-02,1.155202193562347435e-01,4.305153961259000628e-02,6.520206824879676288e-02,3.836328507546911404e-02,7.987063157835731786e-02,7.836559363955547530e-02,5.385602773663583642e-02,1.081832031013676976e-01,1.159314578466699580e-01,8.143425480146572470e-02,1.856184064935269218e+00,2.032625430219016316e+00,2.180696039351209148e+00,2.307231251468074618e+00,2.349359761520064538e+00,1.649603011385599283e+00,2.270940484431678730e+00,2.281593103897889385e+00,1.839902790322499815e+00,2.388289462257334961e+00,1.685953740505800269e+00,1.911461965329430246e+00,1.755293056776682681e+00,2.307809494701510200e+00,2.219168142929808241e+00,1.624963123026364364e+00,1.688413058142415046e+00,1.703631479270981908e+00,1.610518940677813093e+00,2.283739037131827576e+00
9.517892245683166885e-02,9.040187707390677507e-02,4.552937259979775164e-02,1.175337089754912301e-01,1.077651515576349833e-01,3.550052052116991347e-02,6.529637269075699857e-02,4.427090726627052469e-02,3.639631232012618955e-02,9.995997071464171602e-02,3.001771805298313750e-02,9.061690854061281442e-02,7.086163152664044784e-02,3.212762462313309419e-02,6.269935356725561681e-02,6.567162875755824802e-02,8.628960138853095097e-02,4.900444530007024707e-02,6.646925559590440014e-02,5.012761641875126961e-02,1.990699510811441364e+00,2.111154530852076050e+00,1.618721408271350803e+00,1.621474536750197926e+00,2.329836286119205901e+00,1.757367129079924206e+00,2.194724263371956585e+00,2.224473080211186726e+00,1.666700874005649702e+00,2.389751032723545165e+00,1.768059696151652593e+00,2.017437807412916673e+00,1.939692789020330155e+00,1.651709275768283636e+00,2.064844906384680545e+00,2.237636599752290234e+00,2.125788706621140278e+00,2.248755447780104610e+00,1.811341960647722349e+00,2.125692140457779544e+00
6.224955238335445895e-02,5.976557059937230576e-02,1.136920308753962272e-01,8.357280048161006003e-02,8.637310463699818253e-02,5.672772272560834550e-02,1.115303328169504615e-01,2.391885870716166373e-02,3.117602388760581239e-02,1.193131325790157266e-01,4.719082399660367438e-02,9.994126707936695775e-02,4.232032293194233630e-02,2.805043150629383045e-02,3.962335108593140198e-02,2.610833464956053077e-02,7.082013415906157627e-02,2.735349859172985648e-02,2.156239173352056393e-02,3.355283025965354743e-02,1.841487996993578680e+00,2.181332950001021231e+00,2.195662944120936100e+00,2.138963870273698831e+00,1.759705887679976932e+00,1.944786548771220147e+00,1.747852491130608810e+00,2.045973488916580596e+00,2.012780976254853638e+00,2.062663514912515872e+00,1.616574235947748628e+00,2.113977302244061995e+00,1.707914528948209831e+00,1.634043550282435753e+00,1.621721359203515789e+00,2.306723224173472531e+00,2.139041292703196984e+00,1.661641125815011666e+00,1.777900493593914666e+00,1.807524467848512506e+00
5.455767866770734609e-02,4.537926280648725552e-02,1.176313326557191369e-01,7.381067987178385748e-02,8.019897860542482548e-02,2.322345895887015232e-02,1.157071317813867795e-01,6.589940074806815984e-02,8.942174221752934027e-02,5.308431302416409536e-02,1.058062933928710370e-01,4.965257936614152212e-02,3.798425041257624812e-02,1.051452144998699378e-01,9.098656000620798656e-02,6.278447884716199801e-02,8.392543263237885187e-02,6.389201280988252019e-02,3.189104432921925636e-02,4.308238954629505651e-02,2.235874544382399520e+00,2.136296903670842795e+00,2.228258801427818181e+00,2.142123447761425936e+00,1.683031225459053148e+00,1.769448240056477273e+00,1.626331442724685106e+00,1.814973593710174748e+00,2.314793169798413430e+00,2.068129481298929484e+00,1.991243379940870639e+00,2.231741423561917514e+00,2.276832215077135846e+00,1.645100973321449889e+00,1.985773933201099073e+00,2.212073387234847921e+00,2.150346426483745965e+00,1.699512207317399382e+00,2.370179117230916788e+00,1.920240839377633124e+00
4.661017831194019106e-02,2.238350079791150832e-02,1.110273940949403904e-01,5.440733398931034415e-02,1.083036499645690931e-01,2.449261982234480009e-02,7.110520551646418164e-02,2.095213603045202252e-02,5.392811720630912020e-02,3.014592066130394182e-02,2.115820549207038728e-02,9.672787113567674067e-02,6.803068038835355380e-02,5.704776889705034937e-02,3.114278580896687881e-02,6.417684432299224084e-02,9.777915721527873083e-02,8.460022319682507230e-02,3.921876062115693673e-02,3.155753880212795043e-02,1.815088075100361964e+00,1.944607089590645543e+00,2.292129150199776255e+00,1.700075500889433933e+00,1.968121224689764803e+00,2.365788303689839278e+00,2.212208354713294689e+00,2.039549143886794091e+00,1.841792685054865819e+00,1.750087296932930192e+00,1.959927710160328962e+00,2.313376604455130270e+00,2.364729695115794783e+00,2.132750921357726703e+00,1.730335196329886749e+00,2.159272554731514582e+00,2.309296811552021378e+00,1.624224469752607813e+00,1.736622475137874488e+00,2.148806576788516942e+00
9.886886527480946707e-02,3.385365628677664690e-02,6.231787161851558288e-02,2.626158664129370213e-02,3.159364636643297031e-02,1.116903331003954170e-01,1.083728213204826485e-01,1.173706176653608740e-01,6.443145372764737255e-02,4.164760415636219876e-02,9.679141940175260694e-02,2.309900267657737788e-02,8.531880486321903601e-02,7.252287901800545666e-02,1.146876051114096018e-01,6.398803743963735191e-02,2.361837113487617532e-02,3.518160782016486327e-02,1.100759664995994702e-01,1.082443591947659933e-01,2.250842278113346140e+00,2.211779712573965551e+00,1.751166191371849035e+00,1.813155357200932905e+00,2.249379474559705994e+00,2.082779415713400084e+00,2.348173074225017309e+00,1.783052723791451744e+00,2.269967432353505732e+00,1.798687164107128922e+00,1.692280265358997449e+00,2.283860872840084877e+00,1.751396951733195761e+00,1.752889608778287478e+00,2.184329008801839223e+00,1.873181997896285811e+00,2.263396323441832614e+00,1.842809961887328152e+00,2.075054981338662063e+00,1.885350426159412507e+00
5.957036260314611809e-02,1.074375246786744148e-01,6.119869232131311398e-02,9.080847920056688005e-02,1.181243002968959677e-01,6.760250421149695266e-02,7.926550109495003604e-02,4.830122880627512466e-02,6.444683517989252541e-02,1.191635316932081190e-01,5.726352084038247026e-02,7.527851464569992879e-02,3.006223911576543645e-02,3.578353158351774144e-02,4.951959076851939617e-02,5.359376217545214205e-02,3.124843630663733107e-02,5.889097806387254275e-02,9.535306540272628362e-02,9.326957367202386162e-02,1.919451539950215668e+00,1.627988275362708182e+00,1.813967805591820248e+00,2.153073821760782991e+00,2.187777218661492995e+00,2.297984215117527818e+00,1.958359407050495715e+00,2.337009998964210578e+00,2.242165952924323857e+00,1.652547081320562494e+00,1.946587079009823640e+00,1.975794830616971254e+00,1.752216516072622410e+00,1.800274710552333790e+00,2.050535088953265639e+00,2.293406004671396214e+00,1.659539863266982218e+00,1.698190561819008071e+00,1.605190495045787369e+00,1.822988736050356273e+00
7.603235714946078583e-02,1.141440772944742055e-01,2.638604776384722433e-02,5.623519699506990266e-02,9.961210372289723558e-02,1.050419441349903782e-01,4.889774034663482705e-02,2.298130200439521542e-02,8.493677732322399421e-02,6.095205008722132112e-02,7.490252167443531284e-02,4.195369288830566590e-02,5.288966660389321506e-02,1.146834482692147411e-01,7.892833513775587839e-02,4.997507551810514981e-02,6.637725242859215946e-02,1.168157517505267334e-01,8.380719330153423019e-02,5.156631943875619739e-02,1.917260327438339740e+00,2.050883978021109222e+00,1.812744531559252525e+00,2.265258169363221885e+00,2.286497795433438895e+00,1.922015186476908166e+00,1.668262982428574848e+00,1.830892439837230823e+00,1.921886116205045791e+00,1.767390067216180194e+00,1.772764099007139604e+00,2.367325627613666050e+00,2.128971634277721847e+00,2.085811268536471808e+00,1.662371259506479237e+00,2.108128534999180737e+00,2.187490743989772390e+00,2.279511738279333510e+00,1.626049912606279069e+00,1.779895701353365167e+00
1.167545095203578465e-01,6.968350659927757818e-02,9.279659039910258256e-02,5.975572303033276078e-02,6.772520822866717749e-02,1.170863337153509737e-01,2.732832113110823802e-02,4.447762763723431267e-02,2.833435961676349785e-02,7.300954259677547298e-02,8.069099795357190241e-02,7.433904259818947813e-02,6.440746849718535783e-02,1.165397618891552967e-01,8.544181127198126335e-02,5.190379785842322291e-02,1.099367512881234965e-01,3.402117990512920631e-02,1.127630709742682147e-01,8.974480453714715755e-02,2.040779669132643193e+00,2.195287744517025796e+00,1.991342055430479707e+00,1.741241870674892889e+00,1.858406173640681613e+00,2.223246733221811322e+00,1.750613415570622777e+00,1.817664652519647595e+00,2.107596221825996707e+00,1.632027016699074240e+00,2.264690717799629383e+00,1.717737361047983358e+00,2.026901128214929404e+00,1.970027144626330440e+00,2.174440130747915312e+00,2.069181681291808683e+00,2.335505490591484268e+00,1.972549274599503244e+00,1.650374384186026999e+00,1.698810976194180533e+00
5.053435102168533227e-02,1.116928106125204406e-01,7.126460700396428094e-02,1.033444292015165272e-01,5.955515814018998155e-02,7.705807402855339994e-02,9.723400699131035108e-02,1.094142177383749803e-01,4.461052456470893102e-02,6.814567922436504110e-02,8.864573149665574969e-02,7.294194797665429220e-02,2.307193885391950819e-02,2.235832752107977384e-02,8.131637279880246649e-02,5.517575724933754255e-02,4.107488671552565057e-02,3.022690338046499225e-02,1.148828883242338367e-01,4.732131892162957931e-02,2.252316457085500545e+00,1.869555201270693967e+00,2.239961685305992489e+00,1.611252512428059891e+00,1.918179702727378144e+00,2.380486764011766176e+00,2.069728085230695402e+00,1.733458755801437379e+00,2.273171413085507631e+00,1.894348464260181109e+00,2.154596535781330591e+00,2.060992689701587999e+00,1.815586043961618934e+00,1.697285485908311964e+00,1.898437009259194674e+00,1.952439123524594367e+00,2.250776750813395566e+00,2.005370911021623126e+00,1.665953836124042908e+00,1.704086359395356132e+00
2.494838189326563024e-02,1.145058981458593472e-01,1.126991414386569329e-01,8.605051297755425543e-02,2.899926546489010534e-02,5.397006066995092832e-02,6.213457175111671005e-02,4.386042369569234656e-02,9.063564246821856352e-02,6.590683354157811369e-02,5.153546538076612948e-02,4.535485184158830063e-02,9.993526790104197144e-02,5.667643216339145196e-02,9.835997954719825909e-02,1.001131008283408508e-01,7.214614998307691818e-02,2.932609013993177360e-02,3.655537302459983817e-02,9.834456716219210082e-02,2.074514081339271065e+00,2.394123507386935579e+00,2.362339433392882881e+00,1.883938036551197293e+00,1.711000000618032368e+00,1.685021806312227310e+00,1.845970228955488901e+00,1.721176752153532830e+00,2.385483448281511265e+00,1.866854071412098914e+00,1.929438636844672983e+00,1.770368980010232685e+00,1.635998704672670279e+00,2.015142967414949915e+00,1.609697515406665058e+00,2.259093741025230972e+00,2.174289335450890981e+00,1.603220075329775174e+00,2.102092919832611262e+00,1.977615619226327004e+00
1.172361125428720563e-01,5.087549095496721185e-02,6.217641947863719598e-02,6.302984390375629409e-02,6.060260286046321998e-02,6.511480008224798666e-02,1.139273390090765475e-01,2.102140585394016159e-02,2.073969836346636897e-02,1.184516990860041835e-01,6.326930221587169501e-02,1.121288850463151993e-01,9.720434829570025193e-02,2.631265476374715015e-02,1.058753212366264074e-01,9.748829757788141093e-02,7.401012505227190508e-02,6.882400310699453294e-02,9.862937635071367115e-02,5.474182208907985014e-02,1.674302511022908835e+00,2.187046648752392297e+00,2.276370681360958326e+00,1.849755957804658735e+00,2.327579615646126143e+00,2.308413466376686429e+00,2.186713223877004619e+00,1.768772853806423795e+00,1.698133147606396776e+00,2.210862635493533901e+00,2.071501116170989754e+00,1.627870082920276351e+00,1.695979109692333786e+00,1.849093733470281942e+00,2.269770251269008554e+00,1.626836243294987439e+00,2.031291011986561923e+00,1.709989782058556784e+00,1.921620882822185461e+00,1.975964145974203001e+00
5.800072155184683720e-02,7.592504578705763785e-02,7.445086668845270206e-02,9.373945451199908185e-02,6.985410941051320433e-02,1.145758560100667706e-01,3.370163385281954582e-02,7.705939707604853028e-02,6.213964266116182855e-02,2.784365097374399967e-02,3.789087733399815194e-02,9.252119654706163210e-02,6.044100268254994079e-02,7.109779647228048338e-02,7.493796745707705098e-02,7.044799379794951244e-02,9.359584246634174154e-02,7.210635068052460850e-02,6.777477497896297609e-02,4.998551423827016227e-02,1.809087088195693083e+00,1.896252884059143051e+00,2.148145988609309498e+00,2.094124306212481468e+00,1.909586406744646414e+00,2.213702715267136689e+00,2.235329284492026503e+00,1.731042810436937751e+00,1.983081723444195310e+00,1.745339365237217555e+00,1.615745715066017496e+00,1.608521106624338559e+00,2.063294725244245953e+00,1.989725635643588397e+00,2.210736109853205456e+00,2.192829918007770829e+00,2.153493019768699668e+00,2.129874061788131101e+00,2.259052289848646033e+00,2.192532304414227973e+00
6.436900383157659333e-02,4.588445350674844742e-02,4.734832171474123719e-02,9.899061468807461572e-02,2.735215526886324716e-02,1.031989346700716570e-01,8.160546174951681386e-02,9.407335975251640559e-02,1.103093006888776345e-01,4.089588194502122298e-02,1.122460530946862434e-01,1.079257208169830257e-01,1.040810004424596313e-01,7.572412225021381282e-02,3.343525815679493363e-02,2.958707438235756368e-02,8.531996744344445827e-02,5.954231524916468732e-02,6.049790562559542728e-02,6.677012909064747315e-02,1.910100490090927750e+00,1.861019391163408976e+00,1.663199791322778065e+00,1.620179576804273269e+00,1.998059528738735713e+00,1.806961048686979820e+00,1.697315408090045441e+00,1.892843762677396402e+00,1.811692174335262973e+00,1.942313259934302927e+00,2.276039681058799946e+00,1.929917218782623234e+00,2.088622550020161839e+00,1.846344363246680054e+00,2.178773726299755076e+00,2.185282424213246255e+00,1.698557264413893986e+00,2.087365154038715254e+00,1.889314787286810127e+00,1.955931046927339434e+00
1.005326288433511239e-01,8.651252620151647643e-02,9.371421080456815433e-02,2.541481264699175027e-02,3.889711199904283268e-02,6.301986928541573885e-02,9.940054447894312861e-02,2.737553510624938721e-02,9.188936657844695710e-02,1.182142093855338416e-01,8.517417663185099241e-02,3.900590637542661332e-02,4.392039703231068182e-02,4.932263254156037113e-02,1.031556704307796529e-01,1.163375504242013803e-01,7.922722615512473032e-02,1.177652474211600686e-01,9.246994578112779917e-02,4.329147606675950999e-02,2.336339075654758179e+00,1.936015420105972717e+00,2.106022633886668771e+00,2.321605898592025152e+00,1.699646895236677890e+00,2.127120023616744682e+00,2.145181899766472888e+00,2.373841398005188452e+00,2.147410908576903310e+00,1.819570901792368467e+00,1.786550533863249024e+00,2.319614245850259771e+00,1.741353212021726993e+00,2.243351723862819114e+00,2.187458398451639585e+00,1.685681022793179329e+00,2.285797471483438592e+00,2.048491564916514740e+00,2.248595903707429233e+00,2.165479517495357609e+00
5.400042683204836491e-02,4.784455597486519940e-02,9.800144400507637688e-02,1.028427321549413714e-01,8.423699018348672352e-02,9.460941947324848222e-02,6.210896597743603698e-02,2.232171243241860836e-02,7.649908106773486982e-02,3.477145681448548520e-02,9.522523199495179502e-02,7.383448410190544819e-02,1.138464482939158251e-01,9.810939053891457040e-02,1.090738796374797759e-01,1.142204362596530853e-01,3.648401053517546372e-02,1.158744635244986776e-01,7.659804725936011915e-02,2.489849195776815821e-02,1.737300087802263082e+00,2.226443792978259228e+00,1.639314036682274045e+00,2.336678348976306552e+00,2.078126812831908587e+00,2.347152999590480960e+00,1.636076655185439321e+00,2.172498798168807088e+00,1.697675140003068073e+00,2.391738867299632254e+00,1.866065198735479935e+00,1.829524712108088425e+00,1.901662921660746131e+00,2.203593141288735957e+00,1.807727385201028047e+00,2.010726045791282779e+00,2.379596066024181056e+00,2.143963477001562090e+00,1.934531016023661953e+00,2.392956437421653426e+00
5.253971462150529292e-02,1.061316129257287300e-01,1.048710061984903519e-01,1.068059643108716650e-01,1.194953199739653277e-01,9.183457994740058805e-02,1.141349596057558563e-01,4.576379422467552471e-02,2.579273068062846661e-02,7.011939646362279344e-02,9.171934230619548101e-02,8.769098099842277672e-02,4.404971110309160998e-02,9.837413128733935030e-02,6.330851745255530738e-02,8.641674774499989720e-02,9.370216810632599203e-02,7.567069534294043609e-02,1.124348243108467121e-01,5.423535607331779473e-02,2.031057639992565278e+00,2.009453221465340444e+00,2.032222862098666649e+00,2.138496762541744811e+00,2.215641044725205511e+00,1.643776916808592947e+00,1.632435125476498161e+00,1.740106421800110326e+00,2.170109084834228597e+00,1.727393136278756680e+00,2.067560362125062223e+00,1.973579410380109866e+00,1.798923672920684336e+00,2.034731000719820493e+00,2.222905823684438342e+00,1.844209508869275815e+00,2.364395872947810062e+00,1.795968973197483498e+00,2.130011560007852189e+00,2.348371624978160543e+00
4.207636399121383874e-02,4.389189471870045406e-02,7.171401533482349433e-02,4.179515190695318877e-02,8.605523209565016374e-02,5.177038887988828775e-02,6.031648081101785575e-02,9.172581420208353320e-02,2.825080793093208073e-02,6.026512241880831178e-02,9.015237433699749281e-02,1.049793308555520693e-01,3.865492005761192451e-02,9.854574810238343752e-02,7.501860197635139282e-02,8.051323551910524734e-02,3.102763762274311082e-02,9.239352812409960813e-02,3.840020196138044239e-02,5.246660994344064244e-02,1.851494049265363540e+00,2.286564371766489856e+00,2.166891898301723351e+00,2.051871483854540656e+00,2.061880187259101493e+00,1.765994493775814300e+00,2.288845078038639791e+00,2.275812555989379149e+00,1.651864463783643711e+00,1.798593803844792616e+00,1.680270626143032464e+00,2.217816877968175060e+00,1.610221167272685161e+00,1.611971094723452236e+00,2.010231805637607394e+00,2.249803459450348875e+00,1.844503489185979062e+00,1.882416425565289764e+00,1.677972035930982431e+00,1.866784753049421042e+00
5.216631818812923760e-02,7.857520545677240675e-02,4.784016309762396946e-02,5.822972106921897595e-02,1.081785893813594635e-01,3.893155682281967955e-02,1.156602377001669513e-01,8.812578927733839829e-02,1.182266682734161578e-01,2.490036192529891321e-02,7.405200293274237511e-02,2.163617442415484773e-02,7.942678479891623899e-02,1.054519973395751375e-01,1.087306927517460442e-01,6.689648095505787428e-02,7.854289903391403760e-02,5.433001295239635320e-02,9.941621561080093983e-02,7.090884561333779534e-02,2.246532703543700382e+00,2.120164431475148881e+00,1.648430207226876387e+00,2.315927070271672328e+00,1.710120376717301882e+00,2.248169266880861272e+00,2.371668970700953505e+00,1.662255543699347582e+00,2.145823204948866803e+00,2.286030965630343914e+00,1.617417574254988555e+00,1.717898603583895012e+00,2.026020027571872717e+00,2.051507500787529192e+00,2.192502976422928018e+00,1.742528407245799382e+00,1.893393777832373948e+00,2.217741327118970318e+00,1.731034938342667084e+00,2.318018243660395772e+00
1.032730663662470016e-01,6.970385319639628430e-02,5.497159978371438105e-02,7.679209191226614439e-02,1.193692073383997854e-01,1.187943164205929186e-01,4.451991671190874689e-02,4.248620968692851108e-02,2.959093120870427696e-02,4.916732666591767942e-02,4.975928244059782402e-02,1.182030947605928473e-01,8.267699338611218807e-02,4.636681821752162286e-02,3.117179423690530707e-02,7.902837997592662700e-02,4.677320163648055612e-02,2.581235777330245784e-02,6.024225258431059604e-02,9.610501823510080033e-02,1.764676112181160716e+00,1.662437222612402454e+00,2.177402441999637617e+00,1.805638419922686699e+00,1.932770924935282020e+00,2.216778110332499274e+00,2.235397691074876736e+00,1.711078610856302973e+00,2.142606271974508925e+00,2.214335268913233623e+00,2.019280604770278487e+00,1.660654138490075038e+00,2.107733775256170006e+00,1.845691439637863862e+00,2.001065196104379496e+00,1.920836395809488950e+00,2.164748073989028132e+00,2.044661504404984509e+00,1.602050231483412857e+00,1.682406950946503388e+00
4.931419191653850509e-02,5.953138254636373972e-02,2.331958329076597169e-02,9.823287082753844046e-02,4.287821217902976212e-02,1.103398510905046065e-01,6.155419534761202849e-02,8.824773504238786481e-02,5.299923155645877570e-02,6.319427668226557104e-02,9.133215874683008051e-02,1.071435047322857048e-01,9.454289521599702761e-02,5.718386416620935275e-02,2.415478819833491442e-02,5.895439411192120172e-02,9.927946263024486906e-02,9.684686399025439763e-02,9.999199287700585859e-02,3.446277568529182433e-02,2.058379257497073844e+00,2.160784677022567379e+00,2.396685349691756173e+00,1.886154856009588654e+00,1.623811479201829000e+00,2.315496833539732346e+00,2.308289327332985863e+00,2.287167405418251143e+00,1.905234580241637499e+00,1.849470961531291646e+00,2.194161081395480828e+00,1.768960013963815969e+00,2.382305706813592661e+00,2.322493037115139991e+00,1.694162473078178799e+00,2.285210754167056102e+00,1.614230929674332904e+00,2.144978593703511294e+00,2.026591023261901992e+00,2.208228973378957516e+00
8.186493893191099103e-02,5.561114901930526433e-02,7.732984619961877359e-02,4.430271555526274496e-02,5.553639973036821054e-02,1.028807516496394181e-01,3.603515146074131453e-02,6.058105526636289873e-02,8.592023315862383492e-02,1.082313789930872405e-01,7.059692899898457885e-02,2.309159283668014637e-02,1.092400066295046435e-01,3.180584248024981298e-02,4.764468533615720536e-02,1.079611976926859451e-01,8.141399548863341440e-02,7.358402398371814701e-02,5.312526747636563129e-02,7.306693791600513133e-02,1.944216496174808295e+00,1.885820227381367786e+00,1.638792951664182818e+00,2.041970643101759464e+00,2.297833171457475565e+00,1.683435933635357262e+00,1.622313246977534540e+00,1.686148794731949341e+00,1.984157307146578120e+00,2.344852575550491647e+00,2.074474858118368292e+00,2.357994415423659618e+00,1.618648220447630015e+00,2.258362323715448206e+00,2.068392904538865817e+00,1.698208664578471083e+00,1.764357228023827329e+00,1.645633914915682894e+00,1.772666002707290467e+00,1.861314496198720914e+00
4.415770940897928432e-02,1.068858834019609239e-01,6.019559682882892615e-02,3.751989830183864727e-02,3.176515605767954442e-02,1.024317561909411090e-01,9.993037394551153307e-02,6.509853465174472720e-02,1.156675285877867554e-01,1.101584920407289447e-01,8.299159117262093488e-02,1.163343950165936919e-01,2.225905457688910627e-02,3.105411342339668007e-02,1.163598302164721432e-01,9.002463430546688017e-02,9.101168982208410196e-02,1.126918995055543882e-01,6.398518711293388339e-02,1.091390960548224986e-01,1.947340678412199377e+00,1.624285447941334004e+00,1.721452425655795704e+00,1.675221421109557962e+00,2.197696819515598587e+00,1.803816825580669470e+00,1.922132147952299475e+00,1.825162004446235775e+00,2.374502885826174747e+00,1.968372908075574301e+00,1.718783092557596648e+00,1.626412461137546339e+00,2.031706699147718620e+00,1.894437552487511223e+00,1.846871634534157813e+00,1.705159966278598560e+00,2.397759802503026449e+00,2.321120528537008454e+00,2.181969618844865177e+00,2.047683218092275492e+00
6.781393357834185343e-02,6.051022310197262666e-02,3.755777303299941139e-02,5.732516320754407757e-02,2.249986336012983756e-02,1.097351616153202924e-01,9.081031802003153297e-02,7.561286849809424615e-02,9.422312797623558223e-02,6.430049897614813215e-02,5.130646825412561729e-02,5.884493678758558055e-02,8.107382945763708104e-02,7.333349714272624498e-02,3.186112415302466000e-02,1.031046694425944710e-01,5.808576325268047236e-02,7.443184572809651012e-02,9.395636561334155812e-02,8.084839768071497290e-02,1.945936043853595754e+00,2.056524356019335364e+00,1.846749091305748935e+00,1.984526136132742202e+00,2.247164825911066366e+00,2.216991725978518346e+00,2.243871370753579342e+00,2.182436308884708520e+00,2.250579579386455809e+00,2.266121555564044598e+00,2.336346122372792600e+00,2.034456678265017526e+00,2.009916732311000320e+00,2.377818411296976908e+00,2.247760475082815734e+00,1.898995947956599206e+00,1.884695048609800416e+00,2.227526212584586940e+00,2.229688368844340296e+00,2.088928200576560812e+00
8.681234987453592677e-02,6.825373149142138773e-02,3.463603686582229779e-02,5.239576368420943708e-02,3.942453943883350576e-02,2.127484886446823556e-02,6.643451566099081718e-02,5.899515672861925519e-02,1.163049083849539145e-01,8.153067152540541263e-02,2.659952687642617650e-02,2.998994686238443466e-02,1.137582856137294984e-01,1.011046675262134847e-01,2.243919938854217755e-02,3.645406963411217810e-02,1.089461665733049700e-01,5.492278869124050944e-02,4.749163526683968656e-02,5.223199472669337595e-02,1.723082073753916310e+00,1.966738444553619125e+00,1.952951503231098007e+00,1.849693635689356297e+00,2.251486480307982596e+00,1.870592560767913248e+00,1.840659445227585067e+00,1.626734048033126045e+00,1.975636414103732141e+00,2.255811692325676798e+00,1.936675096111041494e+00,2.030819110939310335e+00,2.055567445825774886e+00,1.751108521927664086e+00,2.226065979260839711e+00,2.137761429928575208e+00,1.753130067480395571e+00,1.916023022763611916e+00,1.741450814826331683e+00,2.200049094612597234e+00
9.077982223433936348e-02,5.529340473441918258e-02,1.120189089973245150e-01,8.740401183802989915e-02,5.865765453137931906e-02,5.086151007067901686e-02,9.038050540488948292e-02,9.609425333339320641e-02,7.384339828423538976e-02,6.903590852826793633e-02,3.815103054510520647e-02,5.193935510789136900e-02,9.517370474021739912e-02,1.189877380364766646e-01,1.064192109176204104e-01,5.760564382494436086e-02,4.592103408413272109e-02,5.633290750660348289e-02,9.115247281616299657e-02,9.469423022363963882e-02,2.255274627141899302e+00,1.634455815018344138e+00,2.343423594229897766e+00,2.384196298017493110e+00,2.041978789645841008e+00,2.167581204389181782e+00,2.188306190511452698e+00,1.811883246459300212e+00,1.986963281014488603e+00,2.271151610853600289e+00,1.876552509911082467e+00,2.124977998077961061e+00,1.660391025623928041e+00,2.190912624706452760e+00,2.216009607493178102e+00,1.901789306058178752e+00,2.076190864385186075e+00,2.015922317415638432e+00,2.268657900137790229e+00,2.199537226842769755e+00
1.133526057275831972e-01,1.040255197668679688e-01,9.000682511780215556e-02,3.981675832554298217e-02,4.918719898067022700e-02,5.633160360250140386e-02,3.563104845907327789e-02,1.013876541420579286e-01,1.092084997149206232e-01,1.048621430295688939e-01,4.773346078796245756e-02,7.633426695255188243e-02,4.753993850010673067e-02,2.174632235448666420e-02,5.524024964658011405e-02,7.511829964334321152e-02,7.616748552715528475e-02,4.341203932209038163e-02,9.297372980187229574e-02,1.067443965153609120e-01,2.350859851762265862e+00,1.948156768162827790e+00,1.680258789766440497e+00,1.866781216956880485e+00,2.164617502156713336e+00,2.221929038707362025e+00,1.788725908732210934e+00,2.139668618438545167e+00,2.136789613650822428e+00,1.666986384341486271e+00,2.096929558658549464e+00,2.179262859953001730e+00,2.164562589282728933e+00,2.029111477514065065e+00,2.002515423812639472e+00,1.989420520686425276e+00,1.989703004121328611e+00,1.725047823290641436e+00,2.142312810108724541e+00,1.980176917288260174e+00
2.102427175390779099e-02,7.046854900839824576e-02,4.258632599483428566e-02,1.077092897992648762e-01,6.942314536081685417e-02,5.655921336659096299e-02,3.774902601749141606e-02,3.628739671140718270e-02,9.913111142301039846e-02,5.008318112551177204e-02,1.045012768844286039e-01,1.071461112244070230e-01,5.433681002775335445e-02,6.770124086338016878e-02,7.065385686881416050e-02,5.903453465571398273e-02,1.094925698816608256e-01,4.782883864905307369e-02,6.989784839704062114e-02,9.426494141524792425e-02,1.979249930256631540e+00,1.855842164766512425e+00,1.886062082674436091e+00,2.195616932592263648e+00,2.202503545131449414e+00,1.751107066262887146e+00,2.114376765316748230e+00,2.263621137283012175e+00,1.664673594009374424e+00,1.862393942326493024e+00,2.206968184450007531e+00,2.198545017034078786e+00,2.155604445567042671e+00,1.900235991696742621e+00,2.178523468235676219e+00,2.364201702977475339e+00,2.022402733215808102e+00,1.849211805221409044e+00,1.912097890408390066e+00,1.621502413584990920e+00
1.181152831754538612e-01,8.693663404408576156e-02,3.523905468591323475e-02,2.653063861161174958e-02,9.054853978940727299e-02,4.723860665729275043e-02,8.763792783280216492e-02,2.249693103413984846e-02,7.965835163276287212e-02,2.342302396175818813e-02,9.293146599109124162e-02,1.116695589037658282e-01,2.567757132071505841e-02,9.071829945754956992e-02,7.663789215512858966e-02,4.462562413718870746e-02,7.917937017051654425e-02,9.269434577365363859e-02,7.298473308005927473e-02,6.951422407411358972e-02,1.929862021962368779e+00,2.080618422082175734e+00,2.226787493811147378e+00,2.352361249268052568e+00,2.111969989140925819e+00,2.381187024020289922e+00,1.954130703385421164e+00,1.770311420338535502e+00,2.318066367963553365e+00,1.753972467409855351e+00,2.394780242400483594e+00,1.698946324638644700e+00,1.706175435169579702e+00,2.024480898592903255e+00,1.897062350186865753e+00,1.634635233559199596e+00,1.788575295232641471e+00,1.669634029534205366e+00,2.221017150917834027e+00,1.938856534435640988e+00
1.052130934590598949e-01,9.172035445940519838e-02,1.136436063178658390e-01,3.626257988343985217e-02,1.162204697410406662e-01,9.091128153297260706e-02,9.780355804180161650e-02,7.658261827034965052e-02,4.899974472191375580e-02,1.052973040682819994e-01,2.677104642535747467e-02,4.831908024763621745e-02,5.446788089210724548e-02,6.126628390393697166e-02,2.204036522178093663e-02,4.918089715470472939e-02,8.136473380411111955e-02,4.170016681438118433e-02,4.227106492959618184e-02,5.245428661642378976e-02,2.253554511383445202e+00,2.248059248980768476e+00,2.174685513624604827e+00,1.839981223005560995e+00,2.070088553767752249e+00,1.711304025723429767e+00,1.746836665335431693e+00,1.897215074403362234e+00,1.670008817739921714e+00,1.667175471248191432e+00,1.601757085429127425e+00,1.819029382340084267e+00,2.297495061178128406e+00,2.357273057990054710e+00,2.072621147005736741e+00,2.164627862523051505e+00,2.120168490958465046e+00,1.798636601922070311e+00,2.276565657602228843e+00,2.337860640395599265e+00
5.032781239658633277e-02,8.059306706999119774e-02,2.362021268837702359e-02,9.146364584631466732e-02,9.331006083692286457e-02,2.980968838168349122e-02,8.081974875038290540e-02,3.698221377613375438e-02,7.168586320605495332e-02,4.491941482825637100e-02,1.051137306630182122e-01,1.148259671075696070e-01,1.066474801929508665e-01,4.364952914545097706e-02,1.083883468287321905e-01,1.099295549141108691e-01,4.310216447201110912e-02,9.174122880099028210e-02,6.121314128932781040e-02,1.009803366882461723e-01,2.087956076489581481e+00,2.095576028282538417e+00,2.368895857327762755e+00,1.718985488646427084e+00,1.724993377786435023e+00,1.741023971531641124e+00,1.894639463566219151e+00,1.778862338911001650e+00,2.210937556594434916e+00,2.294362967246664553e+00,2.348671980111163293e+00,2.048044662830651230e+00,2.057495734113797603e+00,1.685997030795904683e+00,2.170110125108585475e+00,1.681698472287278534e+00,2.248282303709669527e+00,2.027979998278868212e+00,2.057407873386133623e+00,1.832913523001152400e+00
4.769578449015769023e-02,1.106569235980581767e-01,3.157344890250068925e-02,8.820774205838737003e-02,7.387625192391097939e-02,3.748038984511294081e-02,1.131601660048032615e-01,7.159489213222133830e-02,8.305273653502175113e-02,7.135220137914809191e-02,3.466862672606532692e-02,4.070996337250265551e-02,9.947178324015969186e-02,9.767902777370095213e-02,5.770675083620668833e-02,5.170185468888789659e-02,8.517040437936898578e-02,8.718253977390215403e-02,9.783143885202162660e-02,7.817059378289215044e-02,1.604472786187883138e+00,2.276443292433015131e+00,2.392539047641152550e+00,2.118828292387363366e+00,1.627905489032922537e+00,2.153728185783969629e+00,1.786637493498902218e+00,2.290514644594275673e+00,2.377556286912999362e+00,1.628588879393055411e+00,2.064333148002382767e+00,1.863150511296489231e+00,1.694122160961707868e+00,1.682200045749588480e+00,1.993798688513092499e+00,2.289438669645018631e+00,1.635850446735094499e+00,2.320909911304126716e+00,2.286246733654684782e+00,1.916083378311159713e+00
1.076862880503073605e-01,6.756279063362176374e-02,1.104442735578114454e-01,1.056638759823461393e-01,8.952083902116979297e-02,3.607513034259865470e-02,2.566005505349822427e-02,2.849449751947798204e-02,6.128282449916665209e-02,6.644500960289170810e-02,7.554891801074598012e-02,1.036907243947412793e-01,4.528331924128864427e-02,1.162838200000941569e-01,1.059219598142560337e-01,5.524126452277274002e-02,6.604640146488532926e-02,3.489178297269215911e-02,8.514961760146948222e-02,1.016861219243846565e-01,1.728722249556624346e+00,2.167875332835679458e+00,1.697393355219920297e+00,1.734462482224737201e+00,1.925975355236036357e+00,2.282672445755282276e+00,1.806829986212904027e+00,1.876020724166150844e+00,2.202727322162832735e+00,2.068375969600339648e+00,2.007230198951723832e+00,1.968155919780658403e+00,2.034067946712871056e+00,2.351929683737885135e+00,1.946797858106821710e+00,1.851906470949274297e+00,2.066403329256293553e+00,2.359352619321219535e+00,2.041287590767414173e+00,2.369884937839469963e+00
1.109974709742632681e-01,3.762620368812990418e-02,7.641209754138351962e-02,9.729622963180444006e-02,1.079591976554655913e-01,1.075545324779271783e-01,9.077551781441441092e-02,5.778289303575388780e-02,3.625933113406536873e-02,4.030001421840694042e-02,8.092026096499649324e-02,6.691297814971185198e-02,5.180437004722192318e-02,5.624542844994380453e-02,9.006435792979862465e-02,3.429982488119684425e-02,1.077806842432047774e-01,6.566093686920392025e-02,1.047695604264263919e-01,6.426198977771500898e-02,1.775468032587182998e+00,1.638788423208604073e+00,1.911557317043304227e+00,1.619125242743825632e+00,1.641804374042473258e+00,1.933332556783187606e+00,2.228807735223879760e+00,2.030657819893424865e+00,2.332356232363047344e+00,2.233804738388906141e+00,2.190532082676520886e+00,1.665399185206692945e+00,2.122226009722526729e+00,2.358480881251440842e+00,2.051267983505752124e+00,2.377769859485545645e+00,1.629294054691615479e+00,2.290530910042807733e+00,1.962834554946024213e+00,1.643417038503251160e+00
2.448617361822707367e-02,1.116968594112026231e-01,2.234323081232209365e-02,8.588178272670467239e-02,4.256279468967699708e-02,1.150235109646089715e-01,1.139952161783142348e-01,5.506827897981912689e-02,1.092245141837661360e-01,1.037190097440682246e-01,3.212721856875214860e-02,6.331457459313026559e-02,6.327210478460693066e-02,7.358831983955856082e-02,8.016619238708165562e-02,1.050996691074009975e-01,1.059877843040900880e-01,1.075938986916745166e-01,9.060477882333843602e-02,1.189577721173660368e-01,1.897677146564475059e+00,2.349893967416654572e+00,1.882067196755109251e+00,2.051552114589894060e+00,1.628891401714426923e+00,2.272807579658738142e+00,2.268145621326232764e+00,1.704963674639949467e+00,1.615047719594375764e+00,1.930024069966830957e+00,2.156880837258610129e+00,1.966313989130666684e+00,1.709139799509167501e+00,2.248353181013179825e+00,2.264874454441888840e+00,1.936648762054525852e+00,2.183171478104094287e+00,1.944926673771582681e+00,1.765166224015785490e+00,1.980548874960876615e+00
4.581256278849367425e-02,8.526158375838464865e-02,9.608408133877485713e-02,1.189007708544916470e-01,2.674938248167306118e-02,1.149530458339092232e-01,9.959397287611621019e-02,8.369443449800571810e-02,2.662539815740980198e-02,5.924752623276599572e-02,7.081632423965890377e-02,1.109297298207512494e-01,3.968674345512269996e-02,9.588303757265009830e-02,1.004161022616627957e-01,3.478559715594121970e-02,9.222917361980353945e-02,9.783523484315004293e-02,2.824577790688235709e-02,5.980190717236301412e-02,2.277082892813762971e+00,1.892256053204570687e+00,2.262110268171530159e+00,1.837699056833488109e+00,1.915357567968620112e+00,1.939950944573928249e+00,1.755961546938532125e+00,2.291983922524153172e+00,2.179976597955580964e+00,2.007075866623615479e+00,1.898319548698661707e+00,1.918705510010127568e+00,2.150820190085558359e+00,2.002556314030452089e+00,1.638348423807482801e+00,1.867507594738057719e+00,2.083302739181614793e+00,2.040335193513133749e+00,2.317227425155010678e+00,2.396479682474945250e+00
1.084677513805660382e-01,8.369946605490878599e-02,5.828912987697586201e-02,1.161787597496689584e-01,3.121624639299552112e-02,9.757196273328493097e-02,5.033502228465894929e-02,3.095413845202701908e-02,5.804695192644944435e-02,1.104852033904321074e-01,6.290021063676516644e-02,4.417785924209283177e-02,4.122521830006581345e-02,9.275957925128812398e-02,5.463016390406173761e-02,6.808407662751535250e-02,9.768893924021462838e-02,7.115298618836980726e-02,5.894052835880696228e-02,5.323230109747673078e-02,2.044506008697612565e+00,2.304272628619436158e+00,2.033532164026235378e+00,2.047740870237810817e+00,2.355086985281632295e+00,1.804314252759947168e+00,2.098763845000747530e+00,1.740966490794603638e+00,2.285178788372780545e+00,1.674060056151932763e+00,1.835846588675974500e+00,1.805418545980842060e+00,2.171147655139303634e+00,2.112133097867444853e+00,1.812365779461218018e+00,2.120443370549890627e+00,1.620033911636110435e+00,1.814390404635001675e+00,2.061022406577597721e+00,2.067487215238309251e+00
5.549553281973146346e-02,2.025978579962787671e-02,3.742727853110737468e-02,8.213132520543861559e-02,6.130362530306572577e-02,8.311758016910512914e-02,4.287911699459428377e-02,1.100035867930743844e-01,2.949074613631931518e-02,8.892697234394096595e-02,3.544372018577699596e-02,9.269603694766116730e-02,7.563008879363151971e-02,3.758995191667351826e-02,7.975387663439159613e-02,6.470640690257960237e-02,2.294899833075179571e-02,5.359551116037199192e-02,6.237689531580546676e-02,9.409604211910038707e-02,1.693702333191601461e+00,1.764385897917971846e+00,1.859266812497254895e+00,1.625358714979211250e+00,2.308750652676964332e+00,2.336878445685780292e+00,2.113745547502476896e+00,1.933840724222649188e+00,2.298695916089145364e+00,1.900882682487800013e+00,2.223913736058143797e+00,2.320599978540115682e+00,2.158919059869601309e+00,2.018682547178747733e+00,2.065571970141445224e+00,2.070558956473846468e+00,1.882802883773748048e+00,1.982211040305130068e+00,2.040062631582347574e+00,2.185431953101803604e+00
7.536713751878407197e-02,1.144115017568655551e-01,7.125501599931707841e-02,3.913654439036401422e-02,9.892396411547324520e-02,3.563163601795228674e-02,7.167460476556196391e-02,2.861579694785654562e-02,4.536146138827248930e-02,9.428472514305268060e-02,2.293588868207716014e-02,3.489011103104085187e-02,8.120328440187178642e-02,3.491862099631350136e-02,7.508699990145779879e-02,7.095073763394457722e-02,2.041515574139223660e-02,5.464209729489614975e-02,2.645876189549515797e-02,4.614786175689105513e-02,2.171945097536311930e+00,1.824044076063605191e+00,2.220000506960539521e+00,2.357310169236215280e+00,1.601556786078366823e+00,2.172693395230593794e+00,1.980115906364017908e+00,2.062698734893373853e+00,1.943205597563698150e+00,2.359973786010940877e+00,2.034803823829730351e+00,2.214434935089504286e+00,2.066886572779239373e+00,2.200674000639433636e+00,2.357816118286385709e+00,2.396229580763782785e+00,1.847859270085203010e+00,1.974941916899917382e+00,2.125810449098010313e+00,1.881458602983279826e+00
5.190685732346771164e-02,5.336941644177735367e-02,6.124111814277914678e-02,5.514826428452571094e-02,6.070101648709001763e-02,2.672343295254107562e-02,1.001580481889983998e-01,5.245757160312805589e-02,2.135573013800504127e-02,7.538881562193369690e-02,8.008761599730514213e-02,1.128297163128492986e-01,5.555612377457871953e-02,8.958465282514078976e-02,1.006809442478047711e-01,6.527738117800395423e-02,5.240952737684272111e-02,9.061593191926846369e-02,5.860465407201377597e-02,4.168772370785860798e-02,2.043931764616448543e+00,1.874685255231538061e+00,2.394215946716566457e+00,2.359360060038314000e+00,2.112404893476053314e+00,1.991928207773988602e+00,2.287922972796842203e+00,2.391997632475770352e+00,1.613907977558138418e+00,2.330862614674718891e+00,1.971022926085692850e+00,1.837338561093548206e+00,2.039052266785733813e+00,2.166443696551227482e+00,2.288410840232008692e+00,2.064246003394356155e+00,1.614399239162120470e+00,2.274290860037001316e+00,2.373021822919169743e+00,1.846887187279853793e+00
9.615847171499473933e-02,4.198427965407848517e-02,5.521432871683717991e-02,5.748617296043022351e-02,8.506855483107526872e-02,1.144659523782697030e-01,4.856253951539277192e-02,8.198248638902608243e-02,3.291348210919612521e-02,3.464212120279806101e-02,1.183170480272411479e-01,2.377922188703132655e-02,3.930748561178877554e-02,1.154999309682937930e-01,9.611237530267446871e-02,1.131427937103775261e-01,2.852525482804275925e-02,8.999446814038129794e-02,3.224541170947881064e-02,3.017219690225372841e-02,1.625501785726560122e+00,1.669157710422493057e+00,2.227145723749282435e+00,1.853267177316307412e+00,2.056697374491827546e+00,1.921332453233109527e+00,1.961579936895496701e+00,2.097930563132698545e+00,1.798516937321415599e+00,2.295986305142386108e+00,1.866632091182932385e+00,1.903190629004067214e+00,2.253264262869187906e+00,1.685822889339386510e+00,1.604106005229876786e+00,2.322997353974541213e+00,2.156131578205854993e+00,2.051512240353201566e+00,1.993189028107013483e+00,1.607041611724763230e+00
6.453621970877455871e-02,3.858435668550580511e-02,8.762294137390511106e-02,1.149712642895296677e-01,6.311836844742244046e-02,1.097866771606294950e-01,8.800454877095748030e-02,1.143504643447261493e-01,6.327945611885452126e-02,3.036663965584025793e-02,9.199550454065788530e-02,3.095118048172237901e-02,5.296105358216401937e-02,1.007138858783771657e-01,1.038493689992731339e-01,6.379551617933428009e-02,4.362867919329846411e-02,9.641085007006633401e-02,7.857276314304546816e-02,7.894794363327384268e-02,2.396779837605556907e+00,2.312608872834101881e+00,2.278891563832706524e+00,1.883443717268797002e+00,2.053490931648775941e+00,1.766126561767831671e+00,2.315236843705627656e+00,1.898649654778799212e+00,2.065591937059708449e+00,2.023002100657153246e+00,1.757642132973080029e+00,2.122125085714494208e+00,1.865034374191274269e+00,2.245151492709876795e+00,2.024946296138332880e+00,1.721019806239990402e+00,1.854027501348140206e+00,1.705678365261505514e+00,2.346612971144617532e+00,2.283113260223329277e+00
3.864099652004368557e-02,9.597644716424319489e-02,6.661467474648694043e-02,1.006384310212743577e-01,9.724347719971837556e-02,8.396146225096899618e-02,2.121227477852053941e-02,8.075432363277097736e-02,1.033601288104442767e-01,7.270253738291479473e-02,8.144203256780373212e-02,2.675313737631714039e-02,6.178589468812521746e-02,6.849055923186735118e-02,3.622381267731171473e-02,1.145289040990527252e-01,7.428757258618952364e-02,9.755922077533735193e-02,4.278745011128001763e-02,1.087949586867183321e-01,2.381954559825961049e+00,2.086190273887727376e+00,1.840948847288399914e+00,2.327826526984313915e+00,2.372636822824103930e+00,1.780330785166478913e+00,2.304492602229338161e+00,2.130133856660343827e+00,1.839510410326391510e+00,2.019446358603585789e+00,1.824864141610658130e+00,2.021358432982410580e+00,2.093928246671452165e+00,1.746523171538778563e+00,2.361330647831836327e+00,1.889542982489796685e+00,1.765072780334215885e+00,1.930657437665173282e+00,2.229326996510060166e+00,2.250245564233115836e+00
4.985527709811225089e-02,4.785233275740947978e-02,1.014427195177316637e-01,1.084462205295599613e-01,7.205940912219262195e-02,1.066616538707884088e-01,7.727654522473036136e-02,1.196629916052314169e-01,1.066944413854914175e-01,4.922297282287183690e-02,2.579991477438162151e-02,9.145068962345369312e-02,7.940433595967696934e-02,9.116099700180702037e-02,5.469278306440328308e-02,2.054989198894812547e-02,7.364739521268791334e-02,2.552375895554041471e-02,7.164173136023374577e-02,2.506730248240066072e-02,1.714041322656158606e+00,1.637346024305396774e+00,2.346725996525635960e+00,1.634710347331926883e+00,2.067595323809958252e+00,2.384277262807323883e+00,2.018824657477723328e+00,2.387052215713959313e+00,2.102312647027142933e+00,2.243989347546364588e+00,1.600354632069197258e+00,1.784996727509916559e+00,2.313374234864787216e+00,2.092789574440049094e+00,1.856559206951885699e+00,1.837594973050568736e+00,1.655302461191589636e+00,1.642603173906616698e+00,2.097357724879707064e+00,2.012035349484062152e+00
9.185014006213619575e-02,4.409178268439903348e-02,1.156079936984536205e-01,8.371622903888983891e-02,8.374705083686002915e-02,6.759611127967227184e-02,1.134360628747010241e-01,1.105399580124994535e-01,1.118938249920696515e-01,8.427760979793004481e-02,3.668747642964858419e-02,2.486471838029024467e-02,2.124892749633374225e-02,8.512165739513680163e-02,2.773770784023986066e-02,8.652751240361239438e-02,6.918670185315492493e-02,7.704815185202795735e-02,4.970596675204182191e-02,9.106681103612952743e-02,2.144864369805064008e+00,2.387394045243541818e+00,1.656944030467419005e+00,2.307027223718529196e+00,1.957678380706311394e+00,2.370958161083561055e+00,2.335489549766543771e+00,2.375357233599982187e+00,2.316336707006293238e+00,2.196317958446491581e+00,2.220850577412449844e+00,2.378712645137829984e+00,1.999509431204511634e+00,2.289788747105662381e+00,2.118076542597238543e+00,2.236045243424044315e+00,2.332271753506541145e+00,1.631492564491543673e+00,1.746308026139198999e+00,2.361940313913634792e+00
6.282091455652763501e-02,5.140824831058035671e-02,9.308693182329712268e-02,8.903958497974147346e-02,9.772803388895116850e-02,4.341642572307539277e-02,7.202643679062144255e-02,1.158299913806669218e-01,2.265772733938367645e-02,3.280904693614825757e-02,3.743684926716274453e-02,9.498512824938512566e-02,6.305363126403813745e-02,4.907912361713376304e-02,8.043057829888268506e-02,8.983787111889622590e-02,1.103452341111938600e-01,8.994806969668921182e-02,1.021726746809749203e-01,8.900881628878735963e-02,1.827876242134168105e+00,1.832200294186259848e+00,1.663356357854318901e+00,2.186543188627526391e+00,1.641027414355318292e+00,1.767603730173527898e+00,1.760799023638254024e+00,2.180908636812404211e+00,1.625939789946599934e+00,2.237025712923347509e+00,1.947802992014601386e+00,1.708507960998530306e+00,1.825797433066267184e+00,2.041052238539680097e+00,2.061362146141849205e+00,1.697095199399793808e+00,1.628765956892665789e+00,1.848476203480331481e+00,2.373882878947831898e+00,1.619821895454119254e+00
2.751034238207662741e-02,5.101905944103397872e-02,1.085847206314619201e-01,9.894981067598507263e-02,6.531511965343853032e-02,1.123001685566623192e-01,1.158083836956357721e-01,9.866350440731411209e-02,2.536495331478469395e-02,6.376312102315889740e-02,9.027666237626878754e-02,1.132030864789436431e-01,7.424557802303057008e-02,1.056358761729592338e-01,9.542711836945624859e-02,6.906590136452525619e-02,7.297857416818423482e-02,2.524971972214569427e-02,8.832940585802129263e-02,1.176433906730441209e-01,1.921298327741187473e+00,1.794614978422731877e+00,2.307253673794460447e+00,1.892817385322497659e+00,1.884035642655464748e+00,1.929660897007030584e+00,2.205913646369685566e+00,1.940396539655182329e+00,2.317281351231460729e+00,2.208303506273316508e+00,1.800729394934194705e+00,2.383782487363993674e+00,2.154533938569516138e+00,1.618425802931702240e+00,1.769725522373144733e+00,1.821094587719915836e+00,2.094998412893811945e+00,2.330411655241976909e+00,1.780163209924081391e+00,2.070141947656006121e+00
6.520369716123866621e-02,8.794197457980161559e-02,5.604994428622589453e-02,4.477920577632221733e-02,7.132964614152030591e-02,5.715567574358812464e-02,1.097175508726682125e-01,8.643464968158980077e-02,8.042614287806899853e-02,5.096367282676700361e-02,1.172785486392755872e-01,3.101566624685395124e-02,1.034062164032671788e-01,2.202586737571705922e-02,7.034422011675128816e-02,5.789968469530072659e-02,1.180844792707290841e-01,1.067441062940833463e-01,1.088692473397926269e-01,8.019136214698416310e-02,2.247312993036400641e+00,1.791502469408188469e+00,1.844982821110181748e+00,2.114363239838002340e+00,1.786345379787830590e+00,1.782233874104524496e+00,1.885908690183155656e+00,1.985732854967187766e+00,2.225486750218744092e+00,2.320264742668193048e+00,2.093856217264411512e+00,1.611534344846795586e+00,2.160030061199792684e+00,1.695317271667296843e+00,1.780493001167825939e+00,2.092318999786490608e+00,2.105066576005262036e+00,2.271837350613250983e+00,1.722157637868065638e+00,2.040671707998839679e+00
4.416242143603012205e-02,7.440683208049457542e-02,9.713745907296607307e-02,4.031183286400001620e-02,7.931604187787751059e-02,2.975833009749600383e-02,5.871885580906867352e-02,5.576731406509514988e-02,3.557352822800802228e-02,4.378673243188061642e-02,2.084542693728476739e-02,1.018822956588700118e-01,8.632106603219767693e-02,2.739303749873725491e-02,6.800371775698517418e-02,1.088032643657066006e-01,3.570604548479872076e-02,9.059547673337535467e-02,5.806703669093965514e-02,3.955963437322278231e-02,1.946733582536809504e+00,1.770788768691977211e+00,2.108912653781168878e+00,2.120752801955717359e+00,1.792168173320219937e+00,1.915925034362643720e+00,1.771921006199952853e+00,2.042394825491212984e+00,2.162976071654039600e+00,2.042746141566799789e+00,2.268638740783685215e+00,1.976185603792378398e+00,1.677169648172044170e+00,2.137065968870788257e+00,1.699699886250791936e+00,1.815188940825372077e+00,2.009047146858026434e+00,1.986371468451404443e+00,2.046991571804627430e+00,1.648565409417309446e+00
7.548796338299343378e-02,5.165320249974392208e-02,6.187532692716764260e-02,1.038549764568842265e-01,5.369522599900368454e-02,1.089367498311853144e-01,6.783478608663442988e-02,9.094600881507007573e-02,3.739086653903139074e-02,4.696146080158931924e-02,1.116381522367303064e-01,8.491528511838118687e-02,7.507452484926954717e-02,7.630907191631212949e-02,5.751797459881234642e-02,4.307108879305833471e-02,1.174256113912551386e-01,4.703082358136648905e-02,1.010245599868562216e-01,1.118042750145807063e-01,2.193346238824032568e+00,2.084672131402765860e+00,1.716833873631684382e+00,2.204747288598566612e+00,2.206526591140915539e+00,2.259991019171582849e+00,1.763999300105223211e+00,1.947657544257830331e+00,2.058647674137757733e+00,1.780491088337787575e+00,2.010239170330517133e+00,1.801248860964730802e+00,2.270769847385237128e+00,2.289155419221295951e+00,2.305393875386446467e+00,1.780655119855402591e+00,2.312901782562603259e+00,1.729378591271706345e+00,2.158834762922504424e+00,2.173787939251941914e+00
2.377019363819667108e-02,1.000766343447761636e-01,4.825850335609295494e-02,8.046971740720801347e-02,8.649761946587623818e-02,8.000362933386101494e-02,3.180027159822466226e-02,4.280730422042446082e-02,7.960357702347890807e-02,1.100817117841378645e-01,1.030187340489584213e-01,6.104758562636744545e-02,9.196591744546360470e-02,4.279302329936363058e-02,1.118587542240057908e-01,1.084050489656075839e-01,8.979155806693815689e-02,7.717755572023024535e-02,8.375417900446462116e-02,7.670435507538916897e-02,2.383511878756248592e+00,1.957074315580510593e+00,2.205435681330633280e+00,2.036784638373138723e+00,1.879777681818521007e+00,1.990209677128272681e+00,1.898337129857083472e+00,1.960858484598982487e+00,2.088497540560383392e+00,2.155441180464865880e+00,2.158081087354918548e+00,2.146929291577511556e+00,1.606882183431780131e+00,2.344731868613940229e+00,1.773367461980095650e+00,2.286759039273333904e+00,1.830769090651368280e+00,1.795327420404994934e+00,1.696192306763429691e+00,1.615623769629247031e+00
3.912196978815850323e-02,2.452607365761716798e-02,5.357017553329790349e-02,2.896452408711554238e-02,5.070319144671424361e-02,8.537600842490657149e-02,4.778997020014977282e-02,2.282382932356111227e-02,3.094691079009073698e-02,7.556740384218157969e-02,5.599302092409057241e-02,4.616114257634171963e-02,4.514726468436204565e-02,2.829637382417812819e-02,8.004583467587349233e-02,3.336674659540966870e-02,1.116426733948489014e-01,1.171672213965018333e-01,6.441334898777759110e-02,3.863577315363785764e-02,1.948288422789784535e+00,2.391805476640599615e+00,2.262518114797631430e+00,2.016671123439199853e+00,2.160659761215988794e+00,2.216961545148155022e+00,2.253586133409226644e+00,1.664385241029761708e+00,2.114698407878563113e+00,1.919980985054121847e+00,1.827058977679877572e+00,2.181049150836973372e+00,1.977180323944492946e+00,2.246323446880633234e+00,1.738049453901231889e+00,2.269724855995931989e+00,2.245198515441283238e+00,1.918359745458539267e+00,1.748025322239101564e+00,1.637864236072999802e+00
6.949751719632583924e-02,6.015226345021008891e-02,8.727156760075630015e-02,3.813683321024834844e-02,4.537762241906587862e-02,1.169835468097680103e-01,6.115320991999284583e-02,3.475336391945035852e-02,9.033315670330097080e-02,1.199917188086639941e-01,5.074431031715855023e-02,1.150049018426056308e-01,7.198175883788131280e-02,3.391316587245458980e-02,5.344078193246475095e-02,1.039919896543314848e-01,3.256259412530542602e-02,4.199810020429377982e-02,8.033731098031236806e-02,1.112292017346608597e-01,2.000968788595185899e+00,2.183352734326976297e+00,2.100143499627607380e+00,1.980799511090036047e+00,2.027614937749846469e+00,2.157938906148532787e+00,2.050490737984720813e+00,1.613677468670188908e+00,2.384620949196789574e+00,1.997548809398111080e+00,1.793130354387037384e+00,1.938139508165421576e+00,2.137140708861433147e+00,1.888622228542303105e+00,2.034748333207676119e+00,1.828184949559486849e+00,1.884542111860944225e+00,1.669896146309822083e+00,1.843058573380136789e+00,1.944480540722900219e+00
1.117399807512165361e-01,3.664965354535471009e-02,1.023668141525392594e-01,6.231325775191901006e-02,4.154766086691579624e-02,9.172712898377116675e-02,7.356518480889669143e-02,2.811659708683820688e-02,5.748934260766257187e-02,5.882084443868650092e-02,3.274314926692903360e-02,9.040019782114916413e-02,2.776619903338188242e-02,7.521099384041163294e-02,6.177564910582236668e-02,5.639450534084450295e-02,4.377471507776645177e-02,7.359235943188682794e-02,8.882317394214650497e-02,8.478345514188717624e-02,1.721892555332067420e+00,2.361896271160948579e+00,2.379539540910178275e+00,2.087288225523225460e+00,1.867551136938365719e+00,1.994599740421674650e+00,2.025955849187173641e+00,2.297454674390587925e+00,2.379880281494110683e+00,1.696051872242437586e+00,2.110667510886905518e+00,2.114106392371843945e+00,1.644544572738916077e+00,1.633527707006081187e+00,2.063078422349493124e+00,1.603940569430494234e+00,1.851568934080402906e+00,2.390669868247933927e+00,2.217141582293544300e+00,1.730616829531573808e+00
4.535908442627907544e-02,8.890827909486710701e-02,8.253299956646727165e-02,1.087275307490582626e-01,2.236475853291737537e-02,2.820287394071650452e-02,9.132467090200478699e-02,1.047193570706154292e-01,3.497428577339255912e-02,4.966220311519252417e-02,1.046687658530433551e-01,9.056322047109530149e-02,4.240076916714333871e-02,5.531149975879270930e-02,5.358487391323805971e-02,5.753445533256228150e-02,5.827463231562561574e-02,8.309319089272147740e-02,9.290862892412567187e-02,6.983151860586803150e-02,1.791532070459489701e+00,2.069486490412302704e+00,1.803302106694868012e+00,1.924670141491181985e+00,1.947899052280579468e+00,1.978641275332430283e+00,2.031737502534849416e+00,1.931066802329645782e+00,2.134732044252779293e+00,2.042303547976598299e+00,1.808188644026895053e+00,2.028978798737034239e+00,1.912199527537436605e+00,2.230647410421051191e+00,2.303886672367235988e+00,2.018539183867113174e+00,1.767214259470361926e+00,2.182519298836934851e+00,1.605554129233650151e+00,2.375591080114866305e+00
4.189944863587635043e-02,6.520833930930321209e-02,2.491474337175606998e-02,8.515177987063560217e-02,5.301520409273151324e-02,4.951061959729056994e-02,1.096327515766622046e-01,5.462231520560148490e-02,3.712520608693636870e-02,9.456196364174468405e-02,8.711088642881133215e-02,2.454285121367371508e-02,5.469441780510807261e-02,8.874076194072581802e-02,6.951128645269699646e-02,5.628291097934164100e-02,9.850668667666466483e-02,5.467092872868095643e-02,4.179613881713528656e-02,5.924247601061553847e-02,1.752831067222759831e+00,1.617511783320698893e+00,2.336321952260333124e+00,1.945738204622093903e+00,1.780260562983849271e+00,1.940496297509297197e+00,1.886955509260043184e+00,2.213491777224998458e+00,1.960966964578932048e+00,1.612071963179693590e+00,1.649740948376035243e+00,2.024843517780937407e+00,1.710417402469256221e+00,2.084184019245060249e+00,2.312075829815479988e+00,1.951817389609111109e+00,1.828838752632905296e+00,2.387224199746364572e+00,1.765035161148430731e+00,2.369712646134487954e+00
1.086290125551332281e-01,7.835105581341596237e-02,1.008240769075840343e-01,4.096556185788716165e-02,3.383723283221380662e-02,9.369881358178711039e-02,3.404636818780498730e-02,6.538935627492500902e-02,4.503217276780854816e-02,4.143269447628788321e-02,2.365936154238460973e-02,1.045654765057954516e-01,4.704983524958256114e-02,8.895410022390801141e-02,7.111312149268959881e-02,6.059594981493625354e-02,1.176321086583164283e-01,9.806889148407145484e-02,8.528256310318774180e-02,7.866483858770659254e-02,1.889262988535584720e+00,1.683447773183529783e+00,2.366001899695249655e+00,2.343893310967027688e+00,1.786860417247900790e+00,1.609253471870925045e+00,1.756374738707874306e+00,1.682839239884053706e+00,1.647159479068622145e+00,1.908916557005747583e+00,1.849201657524662368e+00,1.961707150925737997e+00,1.889177962046824311e+00,1.931411132388323626e+00,1.973321327578944961e+00,2.354848540391015543e+00,1.946694381484413539e+00,2.347008429337120727e+00,2.265929343474877733e+00,2.218115295859166558e+00
7.454040371898221218e-02,7.681024319604171091e-02,4.138906020008593922e-02,3.590152623251023634e-02,8.173730062564339705e-02,6.380394015752230419e-02,4.568232395286365988e-02,5.843344783432850853e-02,8.467873919193830146e-02,4.815298851134008906e-02,9.867825180196199142e-02,7.726614931549279086e-02,8.492383410157382240e-02,5.968579123742988324e-02,9.408073872666804227e-02,7.582606171776029580e-02,8.529904722380450555e-02,4.450899051596346467e-02,4.054651963382778501e-02,7.725223738177548760e-02,1.728955698806401653e+00,2.179752547495955373e+00,1.851167432493807663e+00,1.967419222117018140e+00,1.768611707485050033e+00,2.048864563960702601e+00,2.191202354062726343e+00,2.192305088643970112e+00,2.159164891271903031e+00,1.894214349026051014e+00,2.373127928368278017e+00,2.243094009530824717e+00,1.648393659278915013e+00,2.260910900879656182e+00,2.125739197268559977e+00,1.655231699374539733e+00,2.005217235002284326e+00,1.676732602140261097e+00,2.385830931757490170e+00,2.176558973095885197e+00
3.972099601496315024e-02,1.174583519420270700e-01,5.431163338624109271e-02,7.993094835316807978e-02,7.022772007667302252e-02,1.057044942151695033e-01,2.659799598037704618e-02,1.037650436893735317e-01,8.038680846787557566e-02,7.390743181008299634e-02,9.383432829443792700e-02,6.977539610466103326e-02,1.108995795714638744e-01,4.878271283616179149e-02,5.609558138135253835e-02,2.101061457302296279e-02,8.473412339890389056e-02,6.654550899993026680e-02,2.572841245021640147e-02,2.067836368183608234e-02,1.713108221620450067e+00,2.315245415287458641e+00,2.153705622769094052e+00,1.622278417302676967e+00,1.844892208689804969e+00,2.192941799239597422e+00,1.909726129134474260e+00,2.098361395425997422e+00,2.166827220432750334e+00,2.362323887519084842e+00,1.854995481631392051e+00,1.829103307412281998e+00,1.937694243074697731e+00,2.388142104995268689e+00,2.214027254197597383e+00,2.232974998411938028e+00,1.883248787043991346e+00,1.630194128144798249e+00,2.174848819841546099e+00,1.695180516124222603e+00
7.677790583127730439e-02,5.003825027755953725e-02,3.776203320159782217e-02,9.903217282748082162e-02,4.255584029039105598e-02,1.142061681490585123e-01,1.034784306573175994e-01,9.441196704232587833e-02,1.042789031631840974e-01,9.749857488514104831e-02,2.460832241865387737e-02,6.807933798840612449e-02,9.678102340451234797e-02,6.771209943463867009e-02,4.097510901631114255e-02,5.217674118546897222e-02,8.727962409591603909e-02,2.770607157266311016e-02,1.101057183215231189e-01,3.254624478532197607e-02,1.670066513099983885e+00,2.193172894054995492e+00,2.207014110380129956e+00,2.094344500581287072e+00,2.006869251872610338e+00,2.295826230244943478e+00,2.146607808221788538e+00,2.269205727096709424e+00,1.863992288439875411e+00,2.170618225564208803e+00,1.643081137838576788e+00,2.375631223871328412e+00,2.335356770805072202e+00,1.948235632493781289e+00,1.892637622473561265e+00,2.352366808251280084e+00,2.285202539078064810e+00,2.109906690602983304e+00,2.213603997481631502e+00,2.374991439219282352e+00
